Age,Gender,Device_Brand,Location_Type,Social_Media_Hours,Gaming_Hours,Work_Hours,Streaming_Hours,Total_Screen_Time,High_Usage
53,Female,OnePlus,Semi-Urban,4.86,1.54,4.53,1.51,12.44,1
43,Female,Vivo,Metro,2.5,1.46,2.47,0.59,7.02,1
29,Male,APPLE,Metro,3.71,2.76,3.09,1.48,11.04,1
57,Male,Samsung,Metro,4.11,2.26,3.48,2.62,12.469999999999999,1
22,Male,Xiaomi,Urban,1.61,0.62,3.72,3.39,9.34,1
35,Female,Samsung,Metro,15,1.97,3.65,2.11,9.649999999999999,1
53,Male,Apple,Metro,20,2.47,,3.32,13.920000000000002,1
33,Male,Samsung,Urban,18,3.33,,0.64,13.26,1
37,Female,Apple,Urban,19,2.69,,1.56,11.520000000000001,1
25,Male,Oppo,Rural,14,2.56,,1.71,9.89,1
,Female,OnePlus,Metro,,1.86,1.13,1.89,9.76,1
38,Male,Xiaomi,Metro,,2.19,,2.08,9.71,1
50,Male,,Metro,,3.05,,2.69,12.06,1
54,Male,,Rural,,0.47,,1.56,9.53,1
38,Female,,Metro,,1.45,,2.14,10.41,1
17,Female,,Rural,,1.03,,1.95,9.01,1
36,Female,Oppo,Semi-Urban,,2.18,,1.07,8.89,1
16,Male,,Rural,,3.03,,1.89,12.280000000000001,1
38,Female,,Semi-Urban,,1.2,,1.86,10.66,1
,Male,,Metro,,0,,1.83,7.890000000000001,1
44,Male,Samsung,Semi-Urban,,1.39,,2.03,8.28,1
52,Female,,Rural,,2.71,,2.08,10.62,1
16,Male,,Urban,,2.34,,1.57,10.01,1
35,Male,,Semi-Urban,,2.23,,3.27,9.8,1
47,Male,,Semi-Urban,,1.52,,0.83,9.930000000000001,1
26,MALE,,Metro,,0.52,,1.28,8.04,1
36,MALE,,Rural,,2.32,,4.78,18.62,1
58,F ,,Semi-Urban,4.39,0.97,,0.96,8.54,1
39,F ,Xiaomi,Semi-Urban,1.94,3.98,,0.65,10.85,1
41,FEMALE,,Semi-Urban,2.32,2.37,,2.73,10.129999999999999,1
56,FEMALE,Apple,Semi-Urban,2.41,1.22,,0,5.83,0
42,Male,Xiaomi,Urban,1.96,1.19,3.48,1.76,8.39,1
30,Male,Vivo,Rural,2.73,1.71,3.71,4.15,12.299999999999999,1
29,Male,,Metro,1.59,1.56,7.88,0.46,11.490000000000002,1
58,Female,,Metro,1.14,2.92,3.22,0.02,7.299999999999999,1
17,Male,,Urban,3.25,1.99,1.8,0.5,7.54,1
51,Female,Samsung,Rural,3.26,1.07,3.91,2.9,11.14,1
21,Male,,Semi-Urban,1.53,3.69,0.39,3.12,8.73,1
35,Female,Xiaomi,Urban,3.57,1.85,3.36,1.49,10.27,1
23,Male,Xiaomi,Rural,1.74,2.57,3.52,2.68,10.51,1
53,Male,Oppo,Semi-Urban,2.8,1.19,4.69,3.39,12.07,1
32,Female,,Urban,3.48,2.16,4.96,3.79,14.39,1
18,Female,,Rural,2.46,2.11,2.74,1.75,9.06,1
,Male,,Metro,3.05,0,3.27,0,6.32,0
28,Female,Vivo,Metro,1.88,3.82,2.35,1.18,9.229999999999999,1
23,Female,OnePlus,Rural,2.26,3.09,1.81,1.57,8.73,1
40,Female,OnePlus,Metro,2.25,1.4,3.96,1.74,9.35,1
16,Female,Samsung,Rural,1.6,0.7,1.59,1.81,5.699999999999999,0
34,Male,OnePlus,Semi-Urban,2.29,2.15,2.88,3.12,10.44,1
42,Male,Oppo,Rural,0.64,1.89,2.01,3.27,7.809999999999999,1
21,Male,Apple,Semi-Urban,1.91,2.16,4.32,1.83,10.22,1
58,Female,Xiaomi,Urban,2.16,1.99,6.2,3.1,13.450000000000001,1
22,Female,Apple,Rural,2.19,2.31,1.55,2.36,8.41,1
49,Male,Vivo,Urban,2.21,3.25,0.72,2.06,8.24,1
,Male,Xiaomi,Metro,2.43,2.37,3.31,2.91,11.020000000000001,1
31,Female,OnePlus,Semi-Urban,3.08,0.75,3.52,2.07,9.42,1
50,Other,Vivo,Rural,3.55,3.16,3.83,4.06,14.599999999999998,1
54,Female,Xiaomi,Urban,1.72,3.44,2.83,0.56,8.55,1
18,Male,Oppo,Semi-Urban,1.06,4.95,3.2,1.48,10.690000000000001,1
16,Male,Oppo,Semi-Urban,1.25,0.68,4.05,1.87,7.8500000000000005,1
20,Male,Oppo,Metro,1.92,2.04,5.06,2.44,11.459999999999999,1
56,Female,Oppo,Metro,2.08,0,0.57,3.27,5.92,0
18,Male,OnePlus,Semi-Urban,1.58,2.35,2.95,1.98,8.860000000000001,1
43,Female,Apple,Semi-Urban,0.94,1.25,3.82,0.58,6.59,0
32,Male,Xiaomi,Rural,1.95,3.72,2.12,2.84,10.629999999999999,1
40,Female,OnePlus,Semi-Urban,2.72,1.03,6.1,2.75,12.6,1
58,Female,O,Rural,3.21,0.11,2.55,0.06,5.929999999999999,0
48,Female,Apple,Semi-Urban,1.83,1.33,3.44,2,8.6,1
24,Male,Vivo,Metro,2,0,4.33,0.41,6.74,0
50,Male,Vivo,Rural,1.39,2.55,2.61,1.34,7.889999999999999,1
28,Male,Vivo,Urban,2.46,0,0.73,1.1,4.29,0
45,Female,Oppo,Metro,1.48,1.83,2.86,2.81,8.98,1
,Female,Vivo,Rural,3.19,0,5.04,2.12,10.350000000000001,1
22,Female,Samsung,Rural,0.36,1.48,2.99,0.71,5.54,0
28,Female,Xiaomi,Urban,2.07,3.44,2.23,2.88,10.620000000000001,1
37,Female,Xiaomi,Rural,2.86,2.16,4.89,0.57,10.48,1
54,Male,Oppo,Semi-Urban,2.72,0.94,3,2.33,8.99,1
35,Female,Samsung,Urban,5.73,1.77,2.73,1.19,11.42,1
30,Male,OnePlus,Metro,2.92,1.82,3.72,1.63,10.09,1
59,Male,OnePlus,Metro,1.3,2.27,4.66,2.5,10.73,1
32,Female,Vivo,Semi-Urban,2.39,0.43,7.07,2.52,12.41,1
38,Male,Apple,Metro,0.37,2.39,4.74,3.34,10.84,1
40,Male,OnePlus,Rural,2.4,0,5.24,1.92,9.56,1
39,Female,Apple,Rural,1.5,1.17,2.74,2.31,7.720000000000001,1
59,Male,Xiaomi,Semi-Urban,3.6,1.31,1.96,1.56,8.43,1
55,Female,Apple,Metro,1.84,2.43,3.59,2.18,10.040000000000001,1
43,Male,Xiaomi,Metro,2.36,1.82,3.66,2.44,10.28,1
29,Male,Samsung,Semi-Urban,1.74,0.39,1.88,1.9,5.91,0
59,Male,Samsung,Urban,4.59,0.82,3.24,0.2,8.85,1
15,Male,Oppo,Metro,2.11,2,4.1,2.33,10.54,1
39,Female,Oppo,Urban,4.7,1.72,4.04,2.36,12.82,1
,Male,Vivo,Metro,3.48,1.22,4.26,1.32,10.280000000000001,1
23,Female,OnePlus,Metro,3.08,1.32,3.94,0.72,9.06,1
38,Male,Vivo,Metro,2.94,2.5,2.74,3.48,11.66,1
15,Female,Xiaomi,Metro,2.97,1.28,2.73,2.49,9.47,1
58,Female,Vivo,Rural,0.19,1.71,1.7,1.77,5.369999999999999,0
22,Female,Apple,Urban,2.17,3.97,6.18,0.86,13.18,1
38,Male,Xiaomi,Urban,3.51,0.38,3.52,1.18,8.59,1
25,Male,Oppo,Metro,2.44,0,3.16,3.3,8.899999999999999,1
31,Male,Samsung,Metro,0.81,2.58,2.11,2.14,7.640000000000001,1
22,Female,Oppo,Urban,2.44,1.12,7.9,1.45,12.91,1
49,Male,OnePlus,Rural,4.54,1.48,1.89,2.51,10.419999999999998,1
49,Female,Xiaomi,Semi-Urban,4,1.02,2.86,1.19,9.069999999999999,1
47,Female,Xiaomi,Semi-Urban,2.43,1.54,4.12,3.5,11.59,1
19,Male,Apple,Urban,3.64,3.4,4.4,3.35,14.790000000000001,1
56,Female,OnePlus,Metro,2.06,2.6,4.94,1.53,11.13,1
53,Male,Samsung,Metro,0.46,2.66,6.21,1.37,10.7,1
55,Male,Xiaomi,Rural,1.39,0.38,4.26,0,6.029999999999999,0
42,Female,Xiaomi,Semi-Urban,4.38,0.65,1.92,0.52,7.470000000000001,1
21,Female,Apple,Rural,2.17,0,3.11,0.66,5.9399999999999995,0
23,Female,Vivo,Semi-Urban,2.21,0.99,3.96,2.14,9.3,1
22,Male,Samsung,Urban,2.14,2.76,6.6,1.67,13.17,1
26,Male,Oppo,Semi-Urban,4.78,2.32,1.4,0.65,9.15,1
48,Female,OnePlus,Rural,4.45,1.58,5.3,1.72,13.05,1
47,Female,Xiaomi,Rural,5.16,1.78,3.77,2.51,13.22,1
37,Female,Xiaomi,Rural,2.31,1.11,4.76,2.53,10.709999999999999,1
38,Male,Oppo,Urban,2.85,2,3.35,0.1,8.299999999999999,1
51,Female,Samsung,Semi-Urban,0.68,2.57,2.24,1.87,7.36,1
49,Male,Vivo,Semi-Urban,4.27,0.18,4.63,0.62,9.699999999999998,1
58,Male,Xiaomi,Rural,1.1,2.1,4.48,2.9,10.58,1
54,Female,Samsung,Semi-Urban,2.76,2.73,4.96,2.78,13.229999999999999,1
36,Male,Oppo,Metro,1.18,1.38,3.48,1.1,7.139999999999999,1
41,Female,Apple,Metro,1.79,2.5,2.6,1.23,8.120000000000001,1
49,Male,Vivo,Metro,1.5,4.61,1.16,1.54,8.81,1
15,Male,OnePlus,Semi-Urban,1.77,1.7,4.73,0,8.2,1
,Female,Xiaomi,Urban,1.85,2.19,4.14,2.34,10.52,1
51,Female,Samsung,Urban,1.84,1.06,2.05,1.73,6.68,0
28,Female,Apple,Urban,3.5,1.98,2.69,2.97,11.14,1
17,Female,OnePlus,Urban,1.17,2.26,2.8,0.9,7.13,1
15,Female,Samsung,Metro,2.76,1.99,1.28,1.38,7.41,1
19,Female,Samsung,Metro,3.96,0.78,2.27,0.49,7.5,1
40,Female,OnePlus,Rural,1.88,2.01,1.8,1,6.6899999999999995,0
28,Male,Apple,Semi-Urban,1.64,3.26,2.88,0.82,8.6,1
53,Female,Oppo,Semi-Urban,2.22,2.25,2.39,3,9.860000000000001,1
41,Male,Apple,Urban,3.92,2.76,1.06,1.3,9.040000000000001,1
23,Other,Vivo,Metro,2.73,1.56,6.53,2.12,12.940000000000001,1
29,Female,Xiaomi,Urban,1.86,2.55,5.38,1.62,11.41,1
29,Male,OnePlus,Rural,23,2.08,2.33,0.73,8.22,1
40,Female,Oppo,Semi-Urban,1.18,0.85,3.91,1.83,7.77,1
56,Female,OnePlus,Semi-Urban,3.32,2.12,4.13,2.6,12.17,1
27,Male,OnePlus,Urban,2.99,0.81,5.29,0.79,9.879999999999999,1
46,Female,Apple,Rural,2.13,1.17,2.27,2.81,8.38,1
53,Female,Xiaomi,Semi-Urban,1.49,1.99,5.14,1.15,9.77,1
46,Male,Vivo,Rural,1.44,2.1,2.68,1.52,7.74,1
18,Female,Samsung,Rural,3.14,0.61,1.5,2.53,7.779999999999999,1
44,Male,Samsung,Urban,3.97,2.85,4.59,1.34,12.75,1
51,Female,OnePlus,Metro,1.74,2.37,5.44,2.04,11.59,1
37,Other,Xiaomi,Urban,3.05,1.1,7.38,1.69,13.22,1
53,Female,Oppo,Metro,0,0.26,1.7,2.13,4.09,0
59,Male,Apple,Rural,1.8,1.66,4.55,0,8.01,1
29,Female,Xiaomi,Metro,2.46,1.35,2.89,0.17,6.87,0
57,Female,Xiaomi,Rural,1.41,1.91,4.68,2.62,10.620000000000001,1
43,Male,Apple,Semi-Urban,1.38,1.44,1.29,3.04,7.1499999999999995,1
50,Female,OnePlus,Semi-Urban,1.7,0,1.61,1.09,4.4,0
27,Male,Xiaomi,Semi-Urban,2.85,1.41,2.34,1.76,8.36,1
46,Female,Samsung,Urban,2.28,1.49,3.62,2.29,9.68,1
21,Male,Apple,Urban,0,2.43,2.54,2.69,7.66,1
36,Male,Oppo,Rural,0,1.1,4.49,0,5.59,0
42,Male,Vivo,Semi-Urban,1.77,3.48,5.04,1.11,11.399999999999999,1
16,Female,OnePlus,Urban,3.05,0,4.4,1.67,9.120000000000001,1
56,Male,Apple,Semi-Urban,0,3.11,5.93,2.7,11.739999999999998,1
59,Female,Vivo,Urban,1.9,1.58,4.12,4.5,12.1,1
20,Male,Vivo,Metro,1.87,2.66,1.67,1.77,7.970000000000001,1
42,Male,Oppo,Metro,4.17,1.88,5.55,0.59,12.19,1
42,Female,Xiaomi,Semi-Urban,45,2.94,2.59,2.4,9.97,1
58,Female,Oppo,Rural,2.96,1.41,4.87,3.32,12.56,1
58,Male,Xiaomi,Urban,2.67,0.7,5.86,2.11,11.34,1
34,Female,Xiaomi,Urban,0,3.22,4.19,1.09,8.5,1
44,Female,Apple,Metro,3.42,1.69,1.26,2.96,9.329999999999998,1
25,Female,Apple,Metro,2.76,2.02,2.12,2.66,9.559999999999999,1
42,Male,OnePlus,Rural,3.11,3.03,5.48,0.97,12.590000000000002,1
39,Male,Xiaomi,Rural,7.21,0.77,3.25,2.38,13.61,1
53,Female,Vivo,Rural,0,2.4,3.62,3,9.02,1
47,Male,Samsung,Semi-Urban,4.57,1.21,4.64,3.18,13.6,1
15,Female,OnePlus,Metro,2.16,1.67,4.54,1.93,10.3,1
41,Female,Apple,Semi-Urban,2.84,1.87,3.92,1.64,10.27,1
27,Female,Oppo,Metro,2.45,0.3,3.19,3.23,9.17,1
55,Female,OnePlus,Metro,1.99,1.02,3.03,0.79,6.829999999999999,0
17,Other,OnePlus,Urban,1.82,3.15,4.79,2.44,12.2,1
,Male,OnePlus,Metro,2.9,2.69,4.33,0.63,10.55,1
20,Female,OnePlus,Metro,0.68,1.74,3.11,3.07,8.6,1
22,Male,Samsung,Semi-Urban,3.4,2.04,5.12,1.74,12.299999999999999,1
41,Male,Oppo,Metro,2,1.51,3.31,3.27,10.09,1
23,Female,Oppo,Semi-Urban,1.14,3.16,2.22,2.49,9.01,1
51,Female,Oppo,Rural,1.96,1.6,2.36,0.78,6.7,0
47,Other,Xiaomi,Metro,4.01,2.03,2.03,3.42,11.489999999999998,1
56,Female,Vivo,Metro,1.86,2.95,3.09,3.55,11.45,1
58,Male,Oppo,Semi-Urban,2.93,1.02,5.35,2.88,12.18,1
38,Male,OnePlus,Rural,1.62,3.36,2.29,1.24,8.51,1
29,Female,OnePlus,Urban,3.41,0.27,3.78,1.69,9.15,1
46,Male,Oppo,Rural,3.32,3.43,2.51,2.15,11.41,1
46,Male,Oppo,Semi-Urban,4.72,1.43,3.11,1.3,10.56,1
38,Male,OnePlus,Rural,76,1.56,1.23,3.69,8.77,1
55,Male,Xiaomi,Semi-Urban,3.3,0,3.17,2.14,8.61,1
26,Male,Apple,Semi-Urban,2.62,1.35,3.21,0,7.18,1
53,Male,Apple,Urban,4.06,0.76,4.31,2.34,11.469999999999999,1
16,Male,Oppo,Metro,1.64,1.19,3.83,1.65,8.31,1
17,Male,Samsung,Semi-Urban,3.39,1.66,1.7,1.93,8.68,1
51,Other,Oppo,Semi-Urban,2.27,2.76,5.13,1.63,11.79,1
31,Male,Oppo,Urban,2.42,2.01,3.82,2.81,11.06,1
16,Male,Apple,Semi-Urban,2.61,2.11,3.8,3.12,11.64,1
16,Female,OnePlus,Metro,2.8,0.7,3.49,2.28,9.27,1
42,Male,Oppo,Urban,2.36,0.92,2.72,1.66,7.66,1
37,Female,OnePlus,Metro,2.76,3.6,3.83,1.96,12.149999999999999,1
51,Female,OnePlus,Metro,4.39,1.06,4.21,2.02,11.68,1
46,Male,Samsung,Urban,3.68,3.46,0.88,1.2,9.22,1
47,Male,OnePlus,Semi-Urban,3.54,1.56,2.69,2.58,10.37,1
15,Female,Apple,Metro,1.95,1.8,3.12,2.46,9.33,1
33,Female,Xiaomi,Metro,1.43,2.87,3.88,3.54,11.719999999999999,1
16,Male,Xiaomi,Metro,3.65,3.07,5.29,3.26,15.27,1
58,Female,Vivo,Metro,3.55,1.69,2.34,1.31,8.89,1
40,Male,Oppo,Urban,4.27,1.41,2.75,2.82,11.25,1
46,Other,Apple,Urban,1.78,1.74,2.73,1.05,7.3,1
20,Male,OnePlus,Rural,2.22,2.14,2.3,2.7,9.36,1
46,Female,Xiaomi,Rural,0.53,2.69,2.98,1.48,7.68,1
18,Female,Apple,Metro,2.03,1.8,4.66,0.98,9.47,1
25,Female,Xiaomi,Semi-Urban,3.7,2.42,1.92,2.28,10.319999999999999,1
,Female,OnePlus,Metro,1.94,3.44,4.14,0,9.52,1
52,Male,Xiaomi,Semi-Urban,3.27,2.18,0.95,0.25,6.65,0
38,Male,Oppo,Metro,2.27,2.11,2.66,1.82,8.86,1
19,Male,Oppo,Rural,2.89,0.28,3.01,2.08,8.26,1
48,Male,Vivo,Rural,1.12,0,6.01,1.63,8.76,1
20,Female,Vivo,Semi-Urban,2.6,2.19,3.09,0.42,8.3,1
36,Male,Xiaomi,Metro,0,1.71,0.2,1.18,3.09,0
25,Male,Apple,Semi-Urban,2.28,1.29,0.5,2.39,6.460000000000001,0
30,Other,Oppo,Rural,0.54,2.04,3.55,2.58,8.71,1
47,Female,Apple,Metro,3.95,1.74,4.42,1.98,12.09,1
23,Female,Apple,Metro,3.43,2.93,4.06,3.16,13.58,1
20,Other,Xiaomi,Semi-Urban,3.06,1.89,3.75,2.4,11.1,1
30,Male,Apple,Urban,4.33,1.05,5.24,1.25,11.870000000000001,1
43,Male,Oppo,Semi-Urban,1.36,2.79,2.69,1.72,8.56,1
17,Female,OnePlus,Rural,4.6,1.58,4.84,0.6,11.62,1
34,Female,Vivo,Rural,3.62,2.33,1.05,1.89,8.89,1
50,Male,OnePlus,Rural,2.22,1.32,2.14,3.11,8.79,1
33,Female,Apple,Rural,3.86,1.15,0.79,2.69,8.49,1
40,Male,OnePlus,Rural,1.17,1.88,3.09,3.4,9.54,1
17,Male,Oppo,Urban,1.51,1.81,3.43,1.7,8.45,1
33,Female,Oppo,Metro,1.77,2.28,3.67,3.35,11.07,1
34,Female,Apple,Semi-Urban,1.87,1.53,3.59,1.81,8.8,1
46,Female,Xiaomi,Semi-Urban,14,0,2.11,3.47,6.8100000000000005,0
21,Male,OnePlus,Rural,3.97,1.37,3.21,1.98,10.530000000000001,1
55,Female,Xiaomi,Semi-Urban,2.19,2.59,1.25,2.71,8.739999999999998,1
47,Male,Xiaomi,Rural,2.92,1.5,5.54,3.48,13.440000000000001,1
54,Male,Samsung,Urban,1.82,1.55,3.04,1.81,8.22,1
53,Female,Apple,Urban,0.32,2.79,2.77,2.22,8.1,1
32,Female,Vivo,Metro,2.82,1.09,5.88,3.29,13.079999999999998,1
54,Female,Oppo,Urban,0.21,0.26,1.64,1.87,3.98,0
15,Female,Oppo,Urban,2.42,1.64,1.81,0.68,6.549999999999999,0
25,Female,Apple,Metro,0.86,1.32,1.86,4.14,8.18,1
42,Female,Vivo,Semi-Urban,4.88,0.83,3.4,1.53,10.639999999999999,1
39,Male,Oppo,Rural,3.59,1.62,4.15,2.16,11.52,1
37,Male,Apple,Rural,2.63,2.29,4.61,3.16,12.690000000000001,1
45,Male,Oppo,Semi-Urban,4.02,1.79,7.36,1.39,14.56,1
44,Male,Xiaomi,Metro,1.48,2.11,0.13,0.99,4.71,0
56,Female,OnePlus,Semi-Urban,3.15,3.61,4.41,2.25,13.42,1
,Female,OnePlus,Urban,2.74,1.46,2.66,0.21,7.07,1
21,Male,Oppo,Metro,2.82,2.08,2.62,1.71,9.23,1
30,Male,Samsung,Metro,4.03,1.29,2.57,2.25,10.14,1
40,Female,Vivo,Metro,3.38,0.95,2.14,1.73,8.200000000000001,1
16,Male,Vivo,Rural,2.85,1.22,6.03,0.46,10.560000000000002,1
15,Female,Vivo,Semi-Urban,0.51,1.32,4.76,3.59,10.18,1
26,Female,Xiaomi,Metro,1.35,2.16,3.53,2.1,9.14,1
19,Female,Vivo,Metro,15,4.15,5.53,3.43,15.46,1
51,Female,OnePlus,Metro,2.61,1.08,1.23,1.74,6.66,0
46,Female,Xiaomi,Semi-Urban,1.14,1.38,1.5,1.12,5.14,0
23,Male,Apple,Rural,5.39,1.74,0.23,2.27,9.63,1
55,Female,Vivo,Urban,4.32,2.2,2.45,1.78,10.75,1
49,Female,Vivo,Rural,3.22,2.06,3.74,0.82,9.84,1
33,Male,Apple,Metro,2.59,3.08,3.65,3.47,12.790000000000001,1
30,Female,Vivo,Rural,2.25,0,3.72,1.38,7.3500000000000005,1
17,Female,Apple,Rural,1.36,0,1.38,0.16,2.9000000000000004,0
34,Female,Xiaomi,Urban,2.59,1.3,4.7,3.33,11.92,1
38,Female,OnePlus,Semi-Urban,2.81,2.9,3.86,1.5,11.07,1
47,Female,Apple,Semi-Urban,1.01,0.23,4.6,1.39,7.2299999999999995,1
38,Female,Samsung,Rural,2.9,0,0.66,0.23,3.79,0
25,Female,Apple,Rural,2.31,2.37,3.97,3.74,12.39,1
22,Female,Vivo,Semi-Urban,0.21,2.04,1.72,0.71,4.68,0
50,Female,Xiaomi,Semi-Urban,1.47,0.71,2.9,2.06,7.140000000000001,1
52,Female,Oppo,Urban,2,0.81,4.3,2.91,10.02,1
54,Female,Xiaomi,Metro,4.77,0.83,3.64,2.42,11.66,1
34,Male,Oppo,Rural,3.17,1.91,2.22,1.94,9.24,1
49,Female,Apple,Semi-Urban,0.9,1.17,3.51,0.3,5.88,0
39,Female,OnePlus,Rural,3.08,2.29,1.2,1.19,7.76,1
49,Male,Samsung,Rural,0.64,0,5.23,2.19,8.06,1
39,Female,Xiaomi,Semi-Urban,3.8,0.94,3.19,1.21,9.14,1
43,Male,Vivo,Urban,1.93,0.67,5.18,2.2,9.98,1
32,Male,Oppo,Rural,2.39,1.54,2.71,2.68,9.32,1
32,Female,Vivo,Urban,4.09,1.26,2.71,2.96,11.02,1
,Male,OnePlus,Semi-Urban,0.96,2.6,2.35,0.77,6.68,0
49,Female,Oppo,Metro,0.82,0,4.81,4.2,9.83,1
30,Female,Xiaomi,Metro,1.8,1.85,2.44,2.77,8.86,1
55,Female,Apple,Rural,3.75,2.36,4.47,2,12.579999999999998,1
50,Male,Vivo,Semi-Urban,0.68,3.66,2.93,3.09,10.36,1
47,Male,OnePlus,Urban,0,1.32,0.54,4.37,6.23,0
18,Female,Xiaomi,Rural,1.96,2.12,2.64,0.56,7.280000000000001,1
47,Other,Xiaomi,Semi-Urban,3.16,0,1.73,1.77,6.66,0
28,Female,Xiaomi,Semi-Urban,3.94,0,3.55,0,7.49,1
35,Male,Xiaomi,Urban,1.94,2.64,1.71,2.19,8.48,1
34,Female,Oppo,Rural,2.01,1.79,4.89,2.37,11.059999999999999,1
22,Female,Xiaomi,Semi-Urban,3.88,2.98,3.36,1.96,12.18,1
21,Female,Vivo,Semi-Urban,0.26,0.43,3.23,1.35,5.27,0
17,Male,OnePlus,Semi-Urban,2.03,2.32,4.48,0,8.83,1
31,Female,Oppo,Urban,2.73,3.67,4.95,2.37,13.720000000000002,1
47,Female,Xiaomi,Rural,3.04,2.22,3.47,3.46,12.190000000000001,1
26,Other,Samsung,Rural,1.89,2.08,2.34,1.41,7.72,1
36,Male,Samsung,Rural,2.54,1.81,0.84,2.44,7.629999999999999,1
36,Female,OnePlus,Rural,0,0.23,2.47,0.43,3.1300000000000003,0
44,Female,Apple,Metro,1.71,3.16,2.57,2.46,9.899999999999999,1
52,Male,Apple,Metro,3.04,1.19,3.66,1.61,9.5,1
52,Female,Oppo,Rural,1.32,2.3,2.98,1.24,7.84,1
59,Female,Oppo,Urban,2.57,0.24,4.53,1.24,8.58,1
22,Male,Oppo,Metro,3.04,0.62,2.58,1.61,7.8500000000000005,1
,Male,Apple,Semi-Urban,2.09,3.24,3.41,2.38,11.120000000000001,1
41,Female,Samsung,Metro,2.7,1.45,5.28,0.69,10.12,1
48,Male,Apple,Semi-Urban,1.34,3.25,4.01,1.6,10.2,1
35,Female,Vivo,Rural,2.25,1.72,3.41,1.96,9.34,1
44,Male,Xiaomi,Metro,3.23,0,2.6,0.9,6.73,0
47,Female,Oppo,Urban,2.69,2.69,2.55,3.8,11.73,1
42,Male,Samsung,Metro,19,1.21,2.22,1.15,6.380000000000001,0
47,Female,OnePlus,Metro,2.77,2.5,2.69,1.33,9.29,1
19,Other,OnePlus,Metro,3.36,1.83,4.63,1.02,10.84,1
33,Other,Xiaomi,Rural,0.04,0.26,3.17,3.8,7.27,1
18,Female,Samsung,Urban,3.89,1.96,1.48,2.55,9.879999999999999,1
49,Male,Apple,Metro,2.1,4,6.15,1.06,13.31,1
31,Female,Apple,Urban,3.01,2.29,3.98,3.11,12.389999999999999,1
58,Male,Vivo,Rural,3.94,1.74,1.39,2.2,9.27,1
42,Male,Vivo,Semi-Urban,0.85,2.88,2.84,2.26,8.83,1
44,Male,Apple,Metro,1.65,2.01,3.67,1.66,8.99,1
43,Female,OnePlus,Urban,2.15,2.01,6.06,1.25,11.469999999999999,1
20,Female,Oppo,Urban,1.56,0.71,1.84,2.34,6.45,0
49,Female,OnePlus,Rural,4.58,2.03,4.96,1.45,13.02,1
55,Male,Vivo,Metro,1.47,2.84,5.6,3.82,13.73,1
51,Male,Xiaomi,Semi-Urban,1.83,0.96,2.56,0.73,6.08,0
38,Other,Apple,Urban,2.75,3.22,3.08,3.54,12.59,1
43,Male,Vivo,Metro,1.06,1.71,1.95,1.89,6.609999999999999,0
45,Male,Vivo,Semi-Urban,2.03,0.91,3.19,2.3,8.43,1
49,Male,Oppo,Urban,2.88,2.8,3.45,2.83,11.959999999999999,1
47,Female,Apple,Urban,2.1,1.51,4.49,1.37,9.470000000000002,1
35,Female,Oppo,Semi-Urban,2.39,2.56,5.14,2.86,12.95,1
46,Male,Apple,Semi-Urban,1.86,1.51,2.38,0,5.75,0
,Male,Oppo,Rural,0.68,1.74,0.55,1.28,4.25,0
,Female,OnePlus,Metro,2.89,2.29,3.47,1.08,9.73,1
,Female,Xiaomi,Metro,4.61,2.09,3.94,0.75,11.39,1
32,Male,Xiaomi,Rural,2.52,0,3.87,1.79,8.18,1
39,Female,Apple,Urban,2.77,0.68,3.01,2.39,8.85,1
56,Male,Samsung,Semi-Urban,3.33,2.73,3.69,2.7,12.45,1
45,Male,Vivo,Semi-Urban,0.98,1.67,5.77,2.24,10.66,1
17,Female,Vivo,Semi-Urban,4.54,1.28,4.07,1.33,11.22,1
54,Male,Apple,Urban,2.74,0.44,2.94,2.37,8.49,1
38,Female,Oppo,Semi-Urban,4.46,0.72,2.75,2.12,10.05,1
46,Male,Samsung,Semi-Urban,1.62,0,3.25,2.94,7.8100000000000005,1
36,Male,OnePlus,Rural,4.68,1.7,5.96,2.78,15.12,1
37,Other,Oppo,Urban,3.43,1.2,3.23,2.03,9.889999999999999,1
16,Male,Oppo,Metro,3.16,0.83,3.47,1.1,8.56,1
41,Female,Apple,Rural,2.78,1.73,2.78,1.35,8.639999999999999,1
56,Male,Apple,Rural,2.2,2.16,5.15,1.45,10.96,1
16,Male,Vivo,Metro,3.94,3.89,6.44,1.68,15.95,1
40,Male,Apple,Rural,2.67,0.29,4.18,2.27,9.41,1
31,Female,Apple,Urban,0.14,2.96,3.62,2.72,9.440000000000001,1
54,Male,Apple,Semi-Urban,1.16,2.77,3.56,1.95,9.44,1
47,Female,Vivo,Urban,2.28,1.02,0,2.02,5.32,0
23,Male,OnePlus,Metro,2.87,2,4.62,2.14,11.63,1
,Other,OnePlus,Metro,2.43,1.34,3.7,1.48,8.950000000000001,1
53,Male,Apple,Rural,3.96,1.99,4.14,1.07,11.16,1
43,Female,Vivo,Urban,0.16,3.31,2.43,0.24,6.140000000000001,0
56,Female,OnePlus,Urban,2.67,2.41,2.92,1.3,9.3,1
40,Female,Oppo,Metro,0.32,2.31,2.88,2.47,7.98,1
49,Female,OnePlus,Urban,3.41,1.37,5.03,1.3,11.110000000000001,1
39,Female,OnePlus,Metro,2.39,0.32,2.93,1.76,7.4,1
38,Female,Vivo,Urban,3,1.59,6.62,2.47,13.680000000000001,1
27,Male,Oppo,Urban,1.46,3.01,4.15,2.52,11.14,1
21,Male,Vivo,Urban,4.04,0.27,1.59,0.92,6.82,0
50,Female,Apple,Metro,3.75,0.74,3.31,3,10.8,1
59,Female,Xiaomi,Rural,3.2,1.93,2.52,3.13,10.780000000000001,1
34,Female,OnePlus,Urban,2.34,0.82,0.21,0.87,4.239999999999999,0
15,Female,Xiaomi,Metro,3.2,1.01,5.9,1.18,11.29,1
22,Male,Vivo,Metro,1.65,1.38,4.55,3.19,10.77,1
30,Male,Vivo,Urban,3.53,0.43,4.3,1.85,10.11,1
28,Female,Vivo,Urban,4.48,0.83,3.75,0,9.06,1
26,Male,Xiaomi,Rural,3.78,2.5,1.43,0.6,8.309999999999999,1
37,Male,Vivo,Metro,1.62,0.49,2.77,1.75,6.630000000000001,0
29,Female,Apple,Metro,2.93,0.2,4.76,0.84,8.73,1
42,Male,Vivo,Semi-Urban,0.95,1.17,1.92,1.59,5.63,0
48,Female,Samsung,Metro,3.19,2.53,0,2.03,7.75,1
16,Male,Xiaomi,Rural,3.04,1.6,3.16,3.46,11.260000000000002,1
46,Female,Samsung,Semi-Urban,0.26,1.34,3.29,1.71,6.6000000000000005,0
37,Male,Vivo,Semi-Urban,1.11,1.84,3.7,3.07,9.72,1
36,Male,Apple,Semi-Urban,2.16,0.05,4.59,3.43,10.23,1
39,Male,OnePlus,Urban,2.14,2.29,4.46,3.43,12.32,1
,Male,Oppo,Urban,1.05,2.18,3.89,2.28,9.4,1
36,Male,Oppo,Metro,2.97,1.39,5.29,0.04,9.69,1
56,Male,Vivo,Semi-Urban,2.8,2.81,1.22,2.46,9.29,1
20,Female,Apple,Rural,2.27,0.67,4.26,3.05,10.25,1
29,Male,Xiaomi,Urban,1.59,2.93,4.44,1.92,10.88,1
57,Female,Samsung,Rural,3.76,1.95,1.64,3.74,11.09,1
51,Female,Samsung,Rural,4.49,1.46,1.25,2.86,10.06,1
47,Female,Samsung,Urban,1.92,1.78,2.38,2.57,8.65,1
22,Male,Xiaomi,Urban,1.77,1.69,2.51,3.09,9.059999999999999,1
58,Female,Oppo,Urban,3.09,3.02,4.63,2.33,13.069999999999999,1
58,Male,Apple,Urban,2.07,0.72,2.58,0,5.37,0
19,Male,Xiaomi,Semi-Urban,2.33,1.04,2.22,1.5,7.09,1
53,Other,Samsung,Semi-Urban,3.39,2.84,2.58,3.2,12.010000000000002,1
18,Male,Vivo,Semi-Urban,0.21,1.2,5.18,1.19,7.779999999999999,1
20,Female,OnePlus,Semi-Urban,4.08,2.7,3.52,1.78,12.08,1
,Female,Xiaomi,Metro,2.59,3.5,3.23,0.96,10.280000000000001,1
46,Female,Xiaomi,Semi-Urban,2.01,1.4,3.33,3.78,10.52,1
44,Female,Apple,Urban,2.39,2.48,5.44,3.68,13.99,1
49,Male,Apple,Rural,2.45,0.65,2.38,1.12,6.6000000000000005,0
54,Male,Xiaomi,Semi-Urban,0.42,2.55,5.47,2.15,10.59,1
30,Female,Samsung,Metro,4.29,2,3.82,1.32,11.43,1
27,Male,OnePlus,Urban,2.55,2.27,3.26,2.61,10.69,1
56,Male,Apple,Rural,3.03,1.15,7.25,2.51,13.94,1
44,Male,Samsung,Rural,3.64,0.14,1.92,2.81,8.51,1
33,Male,Vivo,Semi-Urban,1.27,2.3,2.97,2.33,8.870000000000001,1
31,Male,Apple,Rural,3.07,0,1.65,4.94,9.66,1
33,Male,Samsung,Semi-Urban,2.18,1.48,4.93,0.97,9.56,1
42,Female,Samsung,Semi-Urban,3.52,2.74,6.03,0.29,12.579999999999998,1
40,Female,OnePlus,Urban,0,1.99,6,1.61,9.6,1
51,Female,OnePlus,Urban,12,3.75,5.34,0.43,11.899999999999999,1
40,Male,Vivo,Metro,1.78,2.83,3.2,0.51,8.32,1
37,Male,Samsung,Urban,3.02,1.15,2.95,1,8.120000000000001,1
23,Male,Oppo,Urban,3.06,1.83,0.99,1.08,6.960000000000001,0
26,Female,Samsung,Semi-Urban,1.65,1.75,6.55,1.05,11,1
15,Female,OnePlus,Urban,1.65,0.22,4.2,2.52,8.59,1
15,Male,Oppo,Semi-Urban,2.37,0.86,2.76,1.49,7.48,1
48,Female,Apple,Semi-Urban,1.42,1.24,5.49,1.82,9.97,1
46,Male,Apple,Urban,3.51,0,2.04,2.89,8.44,1
39,Female,Xiaomi,Metro,2.06,1.85,4.11,1.23,9.25,1
54,Female,OnePlus,Metro,0,1.55,3.24,1.74,6.53,0
59,Female,Xiaomi,Rural,2.05,0.13,4.46,2.37,9.01,1
15,Female,Oppo,Rural,1.25,2.2,3.4,0.06,6.909999999999999,0
30,Female,OnePlus,Urban,0.54,2.52,1.32,0,4.38,0
53,Male,Vivo,Metro,1.02,2.03,3.61,2.35,9.01,1
,Female,Samsung,Semi-Urban,2.63,1.48,5.07,2.49,11.67,1
36,Male,Vivo,Rural,4.09,2.39,3.46,4.06,14,1
43,Female,Oppo,Semi-Urban,2.88,2.48,4.66,2.16,12.18,1
17,Female,OnePlus,Rural,1.77,2.11,1.93,2.82,8.629999999999999,1
26,Female,Oppo,Urban,3.05,0.98,3.46,1.8,9.29,1
40,Male,Samsung,Metro,1.95,2.08,2.56,2.3,8.89,1
30,Female,Apple,Rural,1.67,3,4.62,3.67,12.959999999999999,1
51,Female,Apple,Metro,1.11,1.2,3.55,0,5.859999999999999,0
36,Female,Oppo,Semi-Urban,0.4,3.9,4.54,2.41,11.25,1
43,Male,Xiaomi,Urban,2.03,1.27,5.13,4.14,12.57,1
28,Male,OnePlus,Metro,2.69,1.83,4.54,2.28,11.339999999999998,1
42,Male,OnePlus,Urban,2.38,1.13,3.91,3.65,11.07,1
19,Male,Apple,Metro,2,2.02,2,1.37,7.39,1
44,Female,Vivo,Semi-Urban,1.37,0.06,3.5,1.97,6.8999999999999995,0
19,Male,Samsung,Semi-Urban,3.23,1.25,2.7,2.03,9.21,1
26,Other,Vivo,Urban,0.92,0.71,2.98,0,4.609999999999999,0
30,Male,Vivo,Semi-Urban,3.43,1.94,2.94,0.83,9.14,1
40,Male,Oppo,Rural,3,2.79,2.03,0.9,7.02,1
40,Female,Apple,Metro,1.6,2.45,0.56,2.82,7.4300000000000015,1
35,Female,Apple,Semi-Urban,0.74,0,2.5,2.87,6.11,0
,Female,Apple,Rural,1.9,3.84,3.79,2.32,11.850000000000001,1
50,Female,Oppo,Urban,3.67,2.1,1.48,2.82,10.07,1
47,Female,Xiaomi,Rural,3.12,1.02,3.52,1.84,9.5,1
44,Male,Vivo,Urban,3.67,1.96,6.35,3.2,15.18,1
51,Other,Oppo,Urban,3.13,1.98,5.03,2.01,12.15,1
37,Other,OnePlus,Metro,1.18,1.13,5.97,2.06,10.34,1
24,Female,Samsung,Metro,2.1,2,4.09,1.73,9.92,1
19,Male,Xiaomi,Rural,1.56,1.19,5.25,2.68,10.68,1
50,Female,OnePlus,Metro,4.1,1.4,2.41,1.58,9.49,1
48,Male,Vivo,Metro,1.06,1.11,2.53,2.98,7.68,1
45,Male,Apple,Metro,3.57,0.37,0,0.87,4.81,0
24,Male,Vivo,Rural,3.57,1.95,5.28,0.9,11.700000000000001,1
33,Male,Oppo,Semi-Urban,4.7,2.39,5.81,2.69,15.589999999999998,1
46,Female,Samsung,Metro,2.01,2.31,2.67,1.91,8.9,1
15,Female,Oppo,Metro,3.35,2.62,3.12,1.55,10.64,1
19,Female,Xiaomi,Rural,5.24,2.12,2.37,2.89,12.620000000000001,1
59,Male,Xiaomi,Semi-Urban,1.76,1.27,4.07,1.39,8.49,1
18,Male,Samsung,Metro,0.66,2.64,5.19,1.8,10.290000000000001,1
30,Male,OnePlus,Urban,0.24,0.44,0.89,3.4,4.97,0
38,Other,OnePlus,Rural,3.36,0.9,4.11,3.54,11.91,1
30,Male,Xiaomi,Metro,0.24,0.84,3.08,3.57,7.73,1
16,Female,Xiaomi,Metro,2.05,2.88,3.67,1.72,10.32,1
42,Female,Apple,Urban,3.02,2.74,4.19,3.23,13.18,1
46,Male,OnePlus,Urban,2.72,2.29,3.22,1.05,9.280000000000001,1
41,Female,Samsung,Rural,3.01,2.87,3.34,1.09,10.309999999999999,1
34,Female,OnePlus,Rural,2.77,0.92,3.18,0,6.87,0
38,Female,Apple,Urban,4.03,2.15,4.96,3.67,14.81,1
26,Female,Oppo,Rural,1.36,1.67,4.13,1.14,8.3,1
49,Male,Xiaomi,Urban,1.69,2.65,3.83,1.87,10.04,1
47,Male,Xiaomi,Metro,1.57,1.68,1.59,1.09,5.93,0
47,Female,Apple,Urban,3.5,1.42,2.93,2.7,10.55,1
57,Female,Samsung,Urban,3.58,2.34,4.85,1.62,12.39,1
51,Male,Xiaomi,Semi-Urban,3.04,2.68,3.56,0.7,9.98,1
26,Female,Vivo,Urban,3.92,1.13,4.49,2.44,11.979999999999999,1
17,Female,Xiaomi,Urban,1.09,1.74,6.15,0.57,9.55,1
15,Female,Vivo,Semi-Urban,4.5,0.74,5.06,1.16,11.46,1
47,Male,Apple,Rural,4.33,0,3.64,0,7.970000000000001,1
54,Female,Apple,Semi-Urban,3.38,2,2.73,0.58,8.69,1
24,Female,Xiaomi,Metro,4.64,2.41,0,2.18,9.23,1
57,Male,OnePlus,Semi-Urban,0.51,2.06,3.25,0.04,5.86,0
58,Male,Vivo,Metro,1.87,0,3.01,0.52,5.4,0
43,Other,Samsung,Rural,1.62,1.45,4.09,2,9.16,1
27,Male,Xiaomi,Semi-Urban,3.37,0,3.27,1.46,8.100000000000001,1
26,Female,Samsung,Semi-Urban,1.24,3.17,3.02,3.99,11.42,1
45,Female,Xiaomi,Rural,3.41,0.71,0.83,3.83,8.780000000000001,1
16,Male,OnePlus,Metro,4.14,3.06,2.09,1.13,10.419999999999998,1
49,Female,OnePlus,Semi-Urban,3.33,2.75,4.21,2.56,12.85,1
37,Male,OnePlus,Metro,2.84,0.9,6.07,2.75,12.56,1
31,Female,Oppo,Semi-Urban,1.31,0.67,3.35,1.4,6.73,0
40,Male,OnePlus,Urban,1.48,2.15,3.99,0.5,8.120000000000001,1
22,Female,Apple,Semi-Urban,4,0.96,4.93,1.99,11.88,1
43,Male,Apple,Rural,3.44,1.9,2.28,1.83,9.45,1
40,Male,Oppo,Rural,1,1.32,4.05,1.56,9.38,1
24,Other,Vivo,Metro,2,0.02,2.39,2.44,6.85,0
40,Male,Samsung,Semi-Urban,0.07,0,4.8,1.25,6.12,0
48,Female,Xiaomi,Metro,1.21,2.03,3.73,0.85,7.819999999999999,1
55,Male,Xiaomi,Metro,4.79,1.24,3.95,2.11,12.09,1
21,Female,Oppo,Urban,0.96,1.25,2.33,2.39,6.93,0
18,Male,Apple,Urban,2.73,2.5,4.56,0.82,10.61,1
59,Other,Xiaomi,Rural,3.71,2.97,6.63,2.93,16.24,1
25,Male,Apple,Metro,0.99,1.53,1.99,0.23,4.74,0
43,Male,Vivo,Rural,2.72,1.46,2.99,1.42,8.59,1
50,Male,Samsung,Semi-Urban,3.63,2.3,3.85,1.74,11.52,1
39,Male,Vivo,Metro,2.51,0.44,4.68,1.36,8.989999999999998,1
35,Female,Oppo,Metro,5.94,2.02,2.66,1.43,12.05,1
50,Male,OnePlus,Semi-Urban,0.5,2.35,0,3.87,6.720000000000001,0
24,Female,OnePlus,Semi-Urban,3.77,2.48,5.54,1.15,12.94,1
51,Male,OnePlus,Rural,2.29,0,4.64,4.44,11.370000000000001,1
23,Male,Vivo,Rural,3.43,1.04,0.89,2.44,7.800000000000001,1
38,Female,Xiaomi,Semi-Urban,3.03,0.92,2.59,2.09,8.629999999999999,1
49,Female,Samsung,Rural,1.62,1.9,5.85,2.48,11.85,1
49,Male,OnePlus,Semi-Urban,2.77,2.28,5.67,4.53,15.25,1
50,Male,Oppo,Metro,0.27,3.3,4.91,1.01,9.49,1
32,Male,Oppo,Metro,3.22,1.31,3.24,0.88,8.65,1
53,Female,OnePlus,Urban,2.86,1.3,3.62,1.25,9.030000000000001,1
46,Female,OnePlus,Metro,3.27,2.95,3.3,2.03,11.549999999999999,1
38,Male,Samsung,Semi-Urban,3.77,2.1,5.19,0.27,11.33,1
37,Female,OnePlus,Rural,2.94,3.07,2.19,2.02,10.219999999999999,1
46,Female,Samsung,Urban,2.68,2.09,2.29,3.69,10.75,1
51,Female,Oppo,Rural,1.44,0.64,5.02,2.15,9.25,1
26,Female,OnePlus,Semi-Urban,1.65,0.47,3.43,1.71,7.260000000000001,1
27,Male,Vivo,Metro,3.92,0.25,5.57,1.38,11.120000000000001,1
37,Male,Vivo,Urban,4.22,2.46,2.49,2.9,12.07,1
39,Male,Oppo,Semi-Urban,2.21,2.99,3.42,1.17,9.790000000000001,1
49,Male,Samsung,Urban,2.56,3.65,2.12,3.85,12.18,1
55,Female,Vivo,Urban,1.41,2.64,3.51,3.93,11.49,1
44,Female,Samsung,Metro,3.91,2.96,1.28,2.26,10.41,1
31,Male,Vivo,Semi-Urban,3.3,1.22,2.77,1.99,9.28,1
34,Male,Vivo,Rural,4.83,0.64,1.35,3.03,9.85,1
39,Male,Samsung,Urban,1.45,2.65,4.54,3.09,11.73,1
36,Female,Xiaomi,Urban,2.05,2.22,4.57,1.19,10.03,1
27,Male,Vivo,Rural,2.78,1.91,0.9,1.47,7.06,1
33,Female,OnePlus,Semi-Urban,3.28,2.19,5.5,0.68,11.649999999999999,1
50,Male,Oppo,Urban,2.24,2.12,7.25,2.41,14.02,1
26,Male,Xiaomi,Urban,1.45,3.08,3.57,2.67,10.77,1
55,Other,Samsung,Urban,3.56,3.09,2.54,0.65,9.840000000000002,1
33,Other,Xiaomi,Semi-Urban,3.37,2.34,7.74,1.54,14.989999999999998,1
26,Male,Apple,Semi-Urban,1.4,2.65,1.52,0.65,6.220000000000001,0
23,Female,Apple,Rural,4.13,2.31,3.53,1.1,11.069999999999999,1
21,Female,Vivo,Semi-Urban,3.9,1.34,3.77,2.55,11.559999999999999,1
42,Female,Vivo,Semi-Urban,2.66,2.56,5.52,1.27,12.01,1
28,Male,OnePlus,Metro,2.6,0.41,4.04,1.7,8.75,1
45,Female,Oppo,Rural,3.16,2.85,2.75,0.37,9.129999999999999,1
33,Female,Xiaomi,Urban,1.47,0.61,2.07,2.19,6.34,0
30,Female,Apple,Semi-Urban,2.54,2.09,2.99,1.96,9.58,1
19,Male,Vivo,Urban,0,0.95,1.99,1.27,4.21,0
49,Male,Oppo,Urban,3.55,2.35,3.57,1.81,11.280000000000001,1
26,Male,Xiaomi,Metro,0.63,1.77,2.65,2.18,7.23,1
39,Female,Vivo,Semi-Urban,4.3,0.21,1.26,1.19,6.959999999999999,0
35,Male,Vivo,Rural,2.1,2.22,5.38,0.52,10.219999999999999,1
50,Female,Apple,Semi-Urban,2.25,1.22,2.75,3.81,10.03,1
37,Other,Apple,Urban,1.75,2.68,1.6,1.37,7.3999999999999995,1
30,Male,Vivo,Rural,2.15,1.8,3.25,1.9,9.1,1
53,Female,Samsung,Semi-Urban,4.2,2.2,3.6,3.01,13.01,1
59,Male,Vivo,Urban,0,0.84,0.88,5.53,7.25,1
56,Female,Oppo,Urban,4.03,1.21,4,0.76,10,1
53,Male,Vivo,Metro,2.91,1.34,1.93,2.45,8.629999999999999,1
28,Female,OnePlus,Metro,1.05,2.66,6.07,1.29,11.07,1
45,Female,OnePlus,Metro,1.21,3.48,4.29,1.46,10.440000000000001,1
19,Female,OnePlus,Urban,4.51,0.99,2.9,1.28,9.68,1
49,Female,Samsung,Semi-Urban,1.37,2.88,2.38,0.87,7.5,1
37,Female,Samsung,Metro,1.12,0,3.34,1.96,6.42,0
43,Female,Vivo,Semi-Urban,3.86,0.61,4.42,0.53,9.42,1
57,Female,OnePlus,Metro,2.91,0.84,3.46,2.95,10.16,1
25,Female,Samsung,Rural,1.37,0.45,3.17,2.06,7.050000000000001,1
32,Male,Apple,Rural,2.76,0.22,3.59,2.42,8.99,1
26,Female,Vivo,Metro,1.27,2.21,2.59,1.53,7.6000000000000005,1
23,Female,Oppo,Urban,3.82,1.59,2.99,1.63,10.030000000000001,1
24,Female,Xiaomi,Metro,3.77,2.18,0.37,2.29,8.61,1
58,Male,Vivo,Metro,3.14,2.49,4.96,0.84,11.43,1
31,Female,Xiaomi,Urban,2.93,2.07,3.95,1.64,10.59,1
52,Male,OnePlus,Rural,4.61,2.46,2.34,1.14,10.55,1
21,Female,Xiaomi,Semi-Urban,2.5,1.73,6.35,1.11,11.69,1
27,Male,OnePlus,Metro,1.08,0.61,3.63,0,5.32,0
54,Female,Apple,Urban,3.04,2.86,1.95,3.34,11.190000000000001,1
56,Other,Xiaomi,Metro,5,1.21,4.79,1.31,12.31,1
23,Male,Vivo,Urban,13,0.86,4.1,3.16,9.4,1
41,Other,OnePlus,Semi-Urban,2.07,1.62,4.09,3.07,10.85,1
16,Male,Vivo,Semi-Urban,3,0.89,2.86,0.71,7.46,1
19,Female,Samsung,Rural,2.44,1.38,4.18,0.91,8.91,1
43,Female,OnePlus,Urban,1.32,2.14,3.11,4.56,11.129999999999999,1
51,Female,Xiaomi,Urban,3.85,2.15,4.33,3.75,14.08,1
52,Female,OnePlus,Rural,5.28,0.9,0.64,1.97,8.790000000000001,1
33,Female,Vivo,Rural,2.74,1.31,2.85,2.26,9.16,1
22,Male,Apple,Urban,1.42,2.87,6.08,1.37,11.740000000000002,1
59,Male,OnePlus,Rural,0.64,2.3,2.35,2.43,7.720000000000001,1
15,Female,Xiaomi,Semi-Urban,2.81,3.88,2.59,1.28,10.559999999999999,1
36,Female,Samsung,Metro,3.82,2.98,2.83,0,9.629999999999999,1
31,Female,Oppo,Semi-Urban,3.07,2.94,1.68,0.68,8.37,1
21,Female,Apple,Rural,2.5,0.41,0.19,2.02,5.12,0
39,Male,Samsung,Urban,1.79,2.56,3.15,0.87,8.37,1
59,Female,OnePlus,Urban,1.19,1.75,3.7,1.93,8.57,1
18,Male,Vivo,Semi-Urban,3.5,1.25,3.42,0.93,9.1,1
50,Female,Vivo,Urban,3.6,1.97,3.28,1.22,10.07,1
20,Male,Xiaomi,Rural,0.65,2.75,3.56,2.85,9.81,1
45,Male,Vivo,Semi-Urban,4.41,2.3,5.03,2.25,13.99,1
33,Male,Apple,Urban,3.19,0.92,3.21,1.99,9.31,1
58,Male,Vivo,Metro,4.18,2.54,2.64,2.88,12.239999999999998,1
53,Female,Xiaomi,Metro,0.89,1.16,3.08,2.48,7.609999999999999,1
41,Male,Oppo,Rural,0.86,2.02,4.37,3.45,10.7,1
24,Male,OnePlus,Urban,2.32,1.5,5.62,1.54,10.98,1
40,Male,OnePlus,Rural,3.1,1.58,2.56,1.57,8.81,1
33,Male,Vivo,Semi-Urban,4.66,2.57,3.65,0.7,11.58,1
53,Male,Samsung,Metro,3.35,0.76,4.01,1.57,9.690000000000001,1
17,Male,OnePlus,Semi-Urban,2.21,3.75,2.01,2.96,10.93,1
59,Female,Oppo,Urban,1.27,0,3.53,3.3,8.1,1
27,Female,Vivo,Rural,3.98,1.2,1.3,2.96,9.44,1
42,Female,Xiaomi,Rural,1.34,2.17,0.85,0.21,4.569999999999999,0
34,Male,Oppo,Rural,4.45,2.38,4.05,3.08,13.959999999999999,1
42,Male,Vivo,Semi-Urban,2.16,1.7,2.92,0.16,6.94,0
22,Female,Oppo,Metro,4.41,1.74,3.8,2.9,12.85,1
55,Female,OnePlus,Semi-Urban,3.31,2.21,3.47,1.63,10.620000000000001,1
53,Male,Xiaomi,Semi-Urban,2.34,1.57,2.04,2.7,8.65,1
15,Male,Vivo,Urban,1.88,3.19,3.43,0.67,9.17,1
17,Male,Apple,Urban,2.09,2.64,1.65,3.17,9.55,1
27,Male,Xiaomi,Urban,3.01,2.67,5.59,0.54,11.809999999999999,1
42,Male,Apple,Metro,2.59,0.83,1.47,1.33,6.22,0
39,Female,Oppo,Metro,1.79,1.72,3.21,1,7.72,1
47,Female,Samsung,Urban,2.3,1.5,1.94,0.25,5.99,0
52,Female,Xiaomi,Urban,2.59,0.79,4.36,2.09,9.83,1
20,Female,Oppo,Metro,0,2.16,3,3.81,8.97,1
58,Female,Apple,Rural,3.05,1.26,2.72,4.67,11.7,1
59,Female,OnePlus,Metro,1.32,2.46,4.78,2.1,10.66,1
46,Female,OnePlus,Metro,1.12,0.73,3.54,3.12,8.510000000000002,1
59,Male,Samsung,Metro,0.48,3.52,4.27,2.23,10.5,1
35,Male,Xiaomi,Urban,0.35,0.9,2.03,2.5,5.779999999999999,0
30,Male,Xiaomi,Rural,0.87,2.02,1.39,1.66,5.94,0
35,Female,Xiaomi,Metro,1.65,2.59,3.66,2.2,10.100000000000001,1
25,Female,Oppo,Urban,4.84,1.23,3.02,2.54,11.629999999999999,1
51,Male,Samsung,Semi-Urban,1.87,2.65,4.44,1.42,10.38,1
50,Female,Xiaomi,Semi-Urban,2.71,0.57,3.38,1.92,8.58,1
49,Male,Oppo,Metro,19,3.25,3.81,1.94,11.98,1
33,Female,OnePlus,Semi-Urban,2.66,1.81,1.06,2.83,8.360000000000001,1
34,Male,Apple,Rural,2.41,1.2,6.33,0.93,10.870000000000001,1
32,Male,Oppo,Semi-Urban,1.07,1.5,3.25,1.95,7.7700000000000005,1
55,Female,OnePlus,Semi-Urban,4.24,2.61,4.55,3.91,15.309999999999999,1
28,Male,OnePlus,Rural,4.67,1.22,2.25,3.16,11.3,1
29,Male,Apple,Metro,0.48,1.05,3.96,3.35,8.84,1
45,Male,OnePlus,Metro,1.27,1.58,1.55,2.02,6.42,0
15,Female,Samsung,Rural,2.16,0.62,4.18,2.32,9.28,1
17,Female,Apple,Rural,1.34,3.62,2.97,3,10.93,1
30,Male,OnePlus,Rural,3.11,1.23,3.54,3.56,11.44,1
37,Female,Vivo,Semi-Urban,1.63,2.63,4.55,0.05,8.86,1
25,Female,Oppo,Rural,5.1,2.01,1.65,0.68,9.44,1
26,Male,OnePlus,Urban,3.93,0.82,2.47,3.31,10.530000000000001,1
24,Male,Samsung,Semi-Urban,2.76,1.79,4.19,1.72,10.46,1
46,Male,Xiaomi,Metro,3.73,2.58,6.65,1.33,14.290000000000001,1
30,Male,OnePlus,Metro,3.83,1.61,3.29,0.75,9.48,1
22,Female,Xiaomi,Metro,1.82,2.99,4.39,1.44,10.639999999999999,1
52,Male,Vivo,Semi-Urban,1.52,2.82,3.34,0.6,8.28,1
26,Female,OnePlus,Urban,2.59,2.72,6.41,4.09,15.81,1
38,Female,Apple,Rural,3.53,1.34,0.88,1.98,7.73,1
42,Male,Xiaomi,Rural,2.67,0.72,3.64,1.94,8.969999999999999,1
22,Female,Vivo,Metro,0.61,1.19,1.06,2.59,5.449999999999999,0
42,Male,Apple,Metro,1.54,2,0,2.96,6.5,0
50,Other,Apple,Semi-Urban,2.41,2.35,3.95,2.95,11.66,1
40,Female,Apple,Urban,2.41,0,3.71,3.07,9.19,1
22,Female,Apple,Rural,4.87,1.79,3.07,1.37,11.100000000000001,1
42,Female,OnePlus,Semi-Urban,0.84,1.96,3.34,1.7,7.84,1
42,Male,Oppo,Rural,3.11,1.52,8.15,2.77,15.55,1
51,Female,OnePlus,Metro,4.29,3.09,3.11,1.47,11.96,1
55,Female,OnePlus,Rural,5.23,2.22,4.27,1.99,13.71,1
50,Female,Vivo,Urban,2.01,3.11,2.53,2.4,10.049999999999999,1
41,Female,Vivo,Urban,3.09,1.58,3.94,2.79,11.399999999999999,1
31,Female,Oppo,Metro,3.18,2.74,3.14,0.22,9.280000000000001,1
23,Male,Vivo,Urban,2.73,3.44,2.88,2.71,11.760000000000002,1
47,Male,Samsung,Urban,2.38,3.11,6.23,1.77,13.49,1
34,Female,Oppo,Semi-Urban,3.02,0.71,5.27,2.71,11.71,1
27,Male,Vivo,Rural,0,1.55,3.71,2.78,8.04,1
42,Female,Oppo,Metro,3.32,1.45,0.04,3.61,8.42,1
43,Female,OnePlus,Metro,2.65,2.29,2.96,3.35,11.25,1
27,Male,OnePlus,Metro,2.23,2.49,7.55,3.35,15.62,1
49,Male,Oppo,Metro,4.96,0.96,3.15,3.44,12.51,1
20,Female,Samsung,Metro,1.69,1.87,5.15,2.29,11,1
32,Male,Samsung,Urban,2.02,0,5.66,2.03,9.709999999999999,1
19,Female,Oppo,Semi-Urban,4.89,3.24,3.83,2.87,14.829999999999998,1
39,Male,Vivo,Metro,1.5,1.29,2.24,2.73,7.76,1
16,Female,Xiaomi,Semi-Urban,1.84,1.86,0,1.69,5.390000000000001,0
24,Male,Samsung,Semi-Urban,2.32,1.49,4.53,2.4,10.74,1
44,Female,Apple,Urban,3.51,2.95,2.28,1.96,10.7,1
59,Male,OnePlus,Metro,2.75,0,3.76,1.15,7.66,1
19,Female,Oppo,Urban,0.95,1.78,1.63,3.29,7.6499999999999995,1
47,Male,Apple,Metro,1.86,1.69,3.1,2.06,8.71,1
15,Female,Oppo,Urban,1.77,1.35,3.55,4.05,10.719999999999999,1
32,Female,OnePlus,Semi-Urban,2.41,3.53,3.9,0.37,10.209999999999999,1
46,Male,OnePlus,Metro,3.01,0.91,1.83,1.44,7.1899999999999995,1
25,Male,Samsung,Rural,3,2.57,5.3,2.03,12.9,1
35,Male,Samsung,Semi-Urban,0.37,2.16,2.6,3.14,8.270000000000001,1
40,Female,Apple,Rural,3.78,3.06,0.99,2.4,10.23,1
39,Female,Oppo,Semi-Urban,2.8,1.13,3.34,2.31,9.58,1
36,Female,OnePlus,Urban,4.16,1.07,3.55,0.87,9.65,1
41,Male,Apple,Metro,3.03,2.9,3.74,0.84,10.51,1
27,Male,Xiaomi,Semi-Urban,3.82,2.23,5.54,2.32,13.91,1
47,Female,Apple,Urban,3.06,0.26,3.15,0.64,7.11,1
48,Female,Vivo,Metro,4.12,1.26,3.32,1.47,10.17,1
55,Other,Apple,Metro,3.13,2.19,1.85,2.5,9.67,1
49,Male,Vivo,Semi-Urban,2.38,2.64,4.73,1.02,10.77,1
15,Female,Vivo,Metro,5.23,1.12,3.78,3.61,13.74,1
35,Male,Vivo,Semi-Urban,3.57,0,2.87,3.22,9.66,1
20,Male,Xiaomi,Metro,3.19,2.32,0.64,0.43,6.579999999999999,0
,Female,Apple,Rural,0.97,0.58,5.67,1.07,8.29,1
31,Female,Apple,Urban,0.95,0,1.66,0,2.61,0
19,Other,Xiaomi,Rural,2.85,0,2.61,1.22,6.68,0
45,Male,OnePlus,Semi-Urban,2.67,2.61,4.04,2.77,12.09,1
19,Male,Samsung,Rural,1.76,1.93,1.71,1.59,6.99,0
52,Female,Apple,Semi-Urban,2.67,1.57,1.26,2.46,7.96,1
17,Female,Samsung,Metro,4.41,3.19,0.31,0.48,8.389999999999999,1
37,Male,Oppo,Metro,3.33,2.44,4.58,2.8,13.149999999999999,1
51,Male,Oppo,Semi-Urban,1.13,3.42,2.68,1.44,8.67,1
51,Male,Xiaomi,Rural,2.37,0.41,7.89,2.01,12.68,1
24,Female,Oppo,Metro,1.53,1.77,2.01,1.91,7.22,1
24,Male,Oppo,Urban,44,0.18,2.12,0.73,5.0600000000000005,0
33,Male,OnePlus,Metro,2,1.57,2.65,0.85,7.07,1
31,Male,OnePlus,Urban,1.93,1.55,3.86,2.97,10.31,1
35,Male,OnePlus,Rural,0.99,2.43,2.79,2.4,8.61,1
28,Male,Oppo,Urban,2.35,1.85,4.42,3.05,11.670000000000002,1
23,Female,Xiaomi,Urban,1.83,2.42,2.03,2.32,8.6,1
15,Male,Vivo,Urban,0,2.5,1.43,2.14,6.07,0
59,Female,Vivo,Urban,4.96,3.95,0.8,0.27,9.98,1
27,Male,Samsung,Metro,3.81,1.48,0.16,1.73,7.18,1
18,Female,Vivo,Urban,2.05,0.86,2.72,1.97,7.6,1
15,Female,Vivo,Metro,2.52,2.05,3.05,3.95,11.57,1
54,Female,OnePlus,Urban,1.09,1,2.55,2.69,7.33,1
46,Female,OnePlus,Semi-Urban,4.53,3.28,5.37,3.54,16.72,1
48,Male,Oppo,Rural,4.78,1.52,5.34,2.6,14.24,1
42,Male,Samsung,Urban,2.69,1.23,3,1.29,8.21,1
45,Female,Apple,Semi-Urban,3.73,1.33,0.81,2.12,7.990000000000001,1
22,Other,Samsung,Urban,2.71,2.52,2.65,2.24,10.120000000000001,1
53,Female,Samsung,Urban,0.9,1.64,2.6,1.06,6.200000000000001,0
40,Female,Xiaomi,Urban,2.01,1.16,2.51,1.62,7.3,1
48,Female,Oppo,Semi-Urban,2.66,3.47,2.45,1.79,10.370000000000001,1
17,Male,Xiaomi,Rural,1.95,0.94,2.52,3.61,9.02,1
26,Male,Samsung,Semi-Urban,2.24,1.84,2.92,0,7,0
15,Female,Samsung,Rural,2.39,2.45,2.55,3.21,10.6,1
58,Female,Samsung,Urban,2.4,0.17,3.81,1.06,7.4399999999999995,1
19,Male,Vivo,Metro,2.56,2.28,4.04,0.63,9.51,1
44,Female,Xiaomi,Urban,1.23,0.74,2.13,3.18,7.279999999999999,1
44,Male,Samsung,Rural,1.64,2.62,5.41,2.73,12.4,1
31,Female,OnePlus,Semi-Urban,0.96,0.84,2.03,3.25,7.08,1
37,Male,Oppo,Urban,3.67,2.49,1.07,2.8,10.030000000000001,1
29,Male,Oppo,Semi-Urban,0,2.91,4.07,4.06,11.04,1
51,Female,OnePlus,Semi-Urban,3.88,2.66,2.27,2.56,11.370000000000001,1
35,Male,Oppo,Semi-Urban,4.16,2.05,3.98,1.84,12.03,1
28,Female,Vivo,Urban,2.14,1.57,0,2.34,6.05,0
16,Female,Vivo,Semi-Urban,0,1.22,5.59,3.24,10.05,1
25,Female,Apple,Semi-Urban,2.07,3.27,4.51,1.22,11.07,1
53,Male,Apple,Urban,32,1.1,1.25,1.35,6.119999999999999,0
52,Male,Apple,Semi-Urban,1.29,0.76,1.28,1.69,5.02,0
48,Male,Oppo,Urban,1.88,2.47,6.01,0,10.36,1
52,Other,Vivo,Rural,4.34,1,2.39,2.14,9.870000000000001,1
48,Female,Vivo,Rural,3.3,0.85,2.25,0.11,6.51,0
32,Female,Vivo,Rural,1.39,0.36,0.1,2.05,3.9,0
44,Female,OnePlus,Semi-Urban,0.58,1.32,2.97,2.87,7.74,1
29,Female,Vivo,Metro,2.11,1.72,3.16,1.52,8.51,1
41,Female,OnePlus,Metro,2.24,2.04,4.57,3.68,12.530000000000001,1
48,Male,Apple,Semi-Urban,3.1,2.75,1.4,0.54,7.79,1
52,Female,Apple,Metro,1.86,2.33,1.22,3.19,8.6,1
47,Male,Oppo,Urban,3.11,1.61,4.18,2.68,11.579999999999998,1
38,Female,Apple,Metro,4.82,1.6,5.01,0.28,11.709999999999999,1
29,Female,Oppo,Semi-Urban,3.48,2.31,1.14,4.71,11.64,1
44,Female,Samsung,Semi-Urban,2.44,3.07,5.12,1.94,12.569999999999999,1
56,Male,Samsung,Urban,2.28,1.93,3.56,1.12,8.89,1
31,Male,Xiaomi,Rural,2.07,1.33,5.14,0.59,9.129999999999999,1
19,Male,Oppo,Semi-Urban,3.92,0.81,3.39,1.78,9.9,1
43,Male,Xiaomi,Urban,1.75,0.35,0,1.87,3.97,0
18,Male,Xiaomi,Metro,2.55,2.47,3.27,2.1,10.389999999999999,1
24,Female,Samsung,Metro,2.56,2.38,5.09,1.7,11.729999999999999,1
31,Female,Oppo,Urban,1.9,2.38,2.16,2.63,9.07,1
24,Male,Samsung,Urban,0.85,1.67,2.92,1.61,7.05,1
31,Male,Xiaomi,Semi-Urban,2.89,3.21,3.24,0.07,9.41,1
34,Male,Oppo,Metro,2.43,1.32,0,1.85,5.6,0
38,Female,Xiaomi,Urban,3.1,2.76,6.01,0,11.87,1
19,Female,Vivo,Metro,1.86,1.76,2.15,2.35,8.12,1
48,Female,Oppo,Urban,3.96,1.19,4.26,1.02,10.43,1
20,Female,Oppo,Metro,1.45,2.39,3.37,2.16,9.370000000000001,1
16,Other,Xiaomi,Rural,4.55,2.21,5.39,3.31,15.459999999999999,1
27,Female,Vivo,Semi-Urban,0.4,2.16,4.11,1.05,7.72,1
57,Male,OnePlus,Metro,3.02,1.88,3.15,3.06,11.110000000000001,1
57,Female,Samsung,Rural,3.07,1.76,2.16,1.57,8.56,1
25,Male,Xiaomi,Metro,1.55,4.19,4.7,3.75,14.190000000000001,1
37,Female,Oppo,Metro,3.01,2.98,0.69,1.63,8.309999999999999,1
30,Male,Samsung,Rural,4.04,2.52,4.47,1.16,12.190000000000001,1
45,Female,Samsung,Metro,0,1.91,1.85,2.69,6.449999999999999,0
25,Female,Samsung,Metro,3.1,2.81,5.38,1.56,12.85,1
30,Female,OnePlus,Semi-Urban,12,2.32,3.74,1.16,7.220000000000001,1
22,Female,Apple,Rural,1.34,1.83,4.47,1.52,9.16,1
18,Male,Xiaomi,Rural,4.45,1.5,3.62,1.96,11.530000000000001,1
54,Male,Apple,Urban,1.8,1.72,0.87,3.34,7.7299999999999995,1
18,Male,Apple,Metro,1.09,0,2.21,0.07,3.3699999999999997,0
39,Male,Apple,Semi-Urban,2.26,2.01,4.51,2.02,10.799999999999999,1
17,Female,Samsung,Metro,4.98,1.31,3.75,2.62,12.66,1
46,Male,Vivo,Metro,0.3,3.39,5.27,2.19,11.149999999999999,1
17,Other,Samsung,Urban,1.24,1.82,4.1,3.31,10.47,1
41,Female,Samsung,Metro,4.3,0.61,2.05,1.93,8.89,1
43,Female,Oppo,Semi-Urban,4.73,1.75,2.31,1.82,10.610000000000001,1
46,Male,Oppo,Semi-Urban,2.38,0.75,3.65,2.59,9.37,1
33,Female,Apple,Urban,1.01,2.27,0.03,2.1,5.41,0
35,Female,Samsung,Metro,5.02,2.09,6.01,1.61,14.729999999999999,1
19,Female,Apple,Semi-Urban,4.41,2.76,4.16,2.52,13.85,1
32,Female,Oppo,Metro,3.31,1.01,5.34,1.35,11.01,1
42,Female,Vivo,Metro,1.53,1.83,1.13,1.39,5.88,0
56,Male,Xiaomi,Metro,2.44,0.43,5.37,1.47,9.71,1
36,Female,Apple,Urban,2.31,2.5,6.85,3.35,15.01,1
35,Male,Vivo,Metro,2.9,2.32,1.52,0,6.74,0
20,Male,Xiaomi,Semi-Urban,4.24,2.3,4.66,2.4,13.6,1
15,Male,OnePlus,Metro,3.56,1.8,3.5,2.03,10.889999999999999,1
19,Male,Apple,Semi-Urban,1.21,2.21,1.18,0.32,4.92,0
55,Male,Apple,Metro,4.15,3.4,4.24,2.31,14.100000000000001,1
26,Male,OnePlus,Semi-Urban,2.88,1.51,4.75,2.48,11.620000000000001,1
40,Other,OnePlus,Semi-Urban,3.32,1.94,2.6,2.59,10.45,1
48,Female,Apple,Metro,4.26,0.71,5.25,0,10.219999999999999,1
28,Other,OnePlus,Metro,1.17,0.93,1,3.37,6.470000000000001,0
40,Male,Samsung,Semi-Urban,2.46,1.9,1.26,1.26,6.879999999999999,0
59,Male,Xiaomi,Rural,1.86,2.9,3.7,2.69,11.15,1
41,Female,Xiaomi,Urban,0.62,1.54,3.54,2.74,8.440000000000001,1
23,Male,Xiaomi,Rural,2.92,1.56,2.43,1.12,8.030000000000001,1
40,Male,Samsung,Rural,5.51,1.39,4.71,2.66,14.27,1
36,Female,OnePlus,Metro,0.29,1.27,4.3,1.61,7.47,1
44,Male,Vivo,Urban,2.46,2.09,4.79,0,9.34,1
57,Female,OnePlus,Rural,3.27,0.3,3.32,3.17,10.059999999999999,1
31,Female,Apple,Metro,2.65,3.08,4.4,1.22,11.350000000000001,1
40,Male,Oppo,Rural,2.36,1.13,2.83,1.15,7.470000000000001,1
50,Male,Xiaomi,Rural,0.94,2.52,6.58,1.6,11.639999999999999,1
15,Female,OnePlus,Metro,2.78,0.53,2.28,2.27,7.859999999999999,1
22,Male,Vivo,Metro,1.59,2.47,6.66,1.94,12.66,1
49,Male,Apple,Metro,0,2.47,3.55,2.55,8.57,1
29,Other,Samsung,Urban,3.93,2.18,1.44,0.66,8.21,1
36,Male,Samsung,Rural,3.65,0.81,5.55,1.26,11.27,1
28,Female,Vivo,Metro,18,2.05,3.69,1.88,10.18,1
40,Other,Apple,Semi-Urban,2.77,0.62,4.78,3.9,12.07,1
42,Male,Xiaomi,Rural,3.79,1.55,5.34,1.89,12.57,1
37,Male,OnePlus,Semi-Urban,2.77,2.83,4.01,3.09,12.7,1
28,Male,Apple,Urban,3.58,2.6,2.61,2.04,10.829999999999998,1
38,Male,Samsung,Metro,2.14,1.82,4.96,1.52,10.44,1
16,Male,Vivo,Semi-Urban,4.07,0.83,3.5,1.75,10.15,1
59,Female,Vivo,Urban,2.88,2.45,4.53,1.83,11.69,1
40,Male,OnePlus,Metro,2.73,1.82,0.27,2.6,7.42,1
28,Female,Vivo,Semi-Urban,0.98,0,4.17,3.37,8.52,1
21,Other,Vivo,Semi-Urban,2.84,2.58,2.54,2.36,10.32,1
17,Female,Apple,Urban,1.5,1.78,5.98,3.19,12.450000000000001,1
37,Female,Xiaomi,Metro,1.73,3,4.43,1.04,10.2,1
57,Male,OnePlus,Metro,1.52,0.7,3.86,1.59,7.67,1
59,Female,Apple,Semi-Urban,1.22,0,4.23,1.28,6.73,0
32,Female,Xiaomi,Semi-Urban,5.05,2.08,2,2.31,11.44,1
52,Male,Apple,Semi-Urban,4.1,2.09,5.93,1.64,13.76,1
49,Male,Oppo,Metro,4.8,0.11,6.49,2.73,14.13,1
29,Female,Apple,Urban,1.03,0.82,4.09,1.07,7.01,1
39,Male,Vivo,Urban,2.59,4.56,5.89,2.04,15.079999999999998,1
51,Male,Xiaomi,Metro,0.95,1.49,2.65,2.69,7.779999999999999,1
42,Male,OnePlus,Rural,1.67,2.53,2.3,0,6.499999999999999,0
24,Male,OnePlus,Urban,1.4,1.15,3.56,4.12,10.23,1
53,Female,Xiaomi,Semi-Urban,3.99,0,4.15,1.72,9.860000000000001,1
31,Female,Vivo,Rural,2.02,1.63,2.91,0,6.5600000000000005,0
53,Female,Samsung,Rural,3.78,1.53,4.31,2.16,11.78,1
36,Male,Apple,Urban,3.22,1.4,3.96,2.03,10.61,1
40,Male,Vivo,Rural,5.26,1.69,2,1.92,10.87,1
58,Female,Oppo,Rural,0.72,2.06,4.28,2.99,10.05,1
39,Male,Xiaomi,Urban,4.01,1.65,4.8,2.75,13.21,1
31,Male,Apple,Urban,3.88,0.54,3.76,2.3,10.48,1
27,Female,OnePlus,Rural,1.33,2.29,5.23,2.45,11.3,1
34,Male,Samsung,Semi-Urban,3.71,0,1.67,1.9,7.279999999999999,1
39,Female,Oppo,Metro,2.9,0,4.2,3.78,10.879999999999999,1
18,Male,OnePlus,Rural,2.23,2.54,1.74,0.52,7.029999999999999,1
24,Male,Xiaomi,Rural,1.51,2.31,1.83,2.14,7.790000000000001,1
17,Male,Apple,Semi-Urban,1.64,1.74,2.55,2.07,8,1
55,Other,Xiaomi,Rural,4.96,0.4,2.09,2.81,10.26,1
59,Female,Apple,Rural,2.5,1.09,2.68,1.16,7.43,1
32,Female,Vivo,Metro,3.44,1.54,3.18,0.26,8.42,1
50,Female,Samsung,Metro,1.55,0.2,4.76,2.16,8.67,1
36,Male,Vivo,Metro,1.56,1.06,3.02,2.28,7.92,1
48,Female,Vivo,Urban,3.8,2.45,1.12,3.49,10.86,1
22,Male,Xiaomi,Urban,0.88,3.23,5.21,0.73,10.05,1
54,Female,Samsung,Metro,2,1.38,2.24,3.15,8.77,1
,Male,Apple,Metro,2.54,2.56,3.41,4.37,12.879999999999999,1
33,Female,Apple,Urban,2.63,0,4.17,1.62,8.42,1
56,Male,Oppo,Semi-Urban,2.29,2.46,3.8,0.71,9.260000000000002,1
55,Male,OnePlus,Rural,2.97,1,5.14,1.59,10.7,1
51,Female,Oppo,Rural,3.33,2.11,4.22,2.01,11.67,1
20,Male,Oppo,Metro,3.38,1.55,2.21,2.56,9.7,1
40,Male,Apple,Semi-Urban,1.32,3.12,6.77,1.41,12.620000000000001,1
48,Male,Xiaomi,Urban,2.16,0.93,3.79,3.56,10.440000000000001,1
59,Male,Vivo,Metro,3.93,2.43,3.28,0.89,10.530000000000001,1
20,Female,Vivo,Semi-Urban,3.57,1.52,4.95,0.26,10.299999999999999,1
51,Female,Vivo,Semi-Urban,0.85,1.64,3.87,3.11,9.469999999999999,1
47,Female,Samsung,Semi-Urban,2.92,1.62,4.1,0,8.64,1
36,Female,Apple,Urban,0.13,0.95,7.24,1.8,10.120000000000001,1
35,Male,Xiaomi,Urban,2.56,1.79,3.09,5.12,12.559999999999999,1
20,Female,Samsung,Rural,4.78,1.74,3.02,1.99,11.530000000000001,1
20,Male,OnePlus,Rural,1.36,2.04,3.67,0.88,7.95,1
18,Male,Xiaomi,Semi-Urban,1.5,1.88,5.11,1.94,10.43,1
44,Female,Oppo,Semi-Urban,3.42,2.6,1.24,1.95,9.209999999999999,1
25,Male,Xiaomi,Urban,0.65,2.72,0.55,2.16,6.08,0
44,Female,Xiaomi,Rural,1.74,0.75,2.62,2.66,7.7700000000000005,1
45,Male,Vivo,Semi-Urban,3.22,2.67,1.05,0.96,7.9,1
,Female,Xiaomi,Rural,1.74,0.61,2.86,3.69,8.9,1
23,Female,Oppo,Rural,2.22,2.39,4.25,2.25,11.11,1
17,Female,Oppo,Semi-Urban,3.39,2.42,2.16,2.73,10.700000000000001,1
45,Female,Apple,Urban,3.01,0,1.36,1.37,5.74,0
54,Female,Xiaomi,Semi-Urban,2.82,1.89,3.6,3.29,11.600000000000001,1
51,Male,Vivo,Semi-Urban,2.09,1.33,4.79,1.74,9.950000000000001,1
50,Female,Xiaomi,Rural,2.94,1.04,0.96,2.28,7.219999999999999,1
38,Male,OnePlus,Semi-Urban,15,3.15,4.73,1.07,11.3,1
45,Female,OnePlus,Urban,3.05,1.15,4.73,1,9.93,1
20,Female,Vivo,Semi-Urban,1.9,0.99,4.93,2.69,10.51,1
16,Female,Apple,Urban,2.28,1.88,5.33,1.56,11.05,1
34,Male,Apple,Urban,1.31,2.49,6.8,1.15,11.75,1
42,Male,Oppo,Rural,2.46,1.66,2.97,1.36,8.45,1
25,Female,Oppo,Metro,1.53,2.97,3.66,2.7,10.86,1
18,Male,Samsung,Metro,1.16,2.33,2.88,1.37,7.74,1
29,Male,Vivo,Rural,2.81,0,3.5,1.88,8.190000000000001,1
20,Male,Xiaomi,Semi-Urban,2.76,1.27,5.8,2.02,11.849999999999998,1
44,Female,Vivo,Rural,3.44,1.24,1.48,0.08,6.24,0
52,Female,Samsung,Urban,1.98,2.28,2.21,0.53,7,0
16,Male,Oppo,Metro,2.99,0,5.57,2.34,10.9,1
29,Male,Vivo,Rural,3.16,4.35,5.03,1.26,13.799999999999999,1
25,Male,Vivo,Semi-Urban,3.03,2.33,2.96,3.06,11.38,1
22,Female,Oppo,Rural,1.51,1.95,4.78,2.97,11.21,1
40,Female,Samsung,Metro,2.68,2.98,4.01,2.72,12.39,1
59,Male,Oppo,Rural,2.94,4.14,5.75,3.82,16.65,1
58,Male,Apple,Rural,2.51,2.67,3.61,1.92,10.709999999999999,1
19,Male,Xiaomi,Metro,0,2.75,5.04,2.65,10.44,1
20,Female,Oppo,Urban,2.69,1.93,7.46,1.42,13.5,1
40,Female,Samsung,Urban,5.16,1.66,4.4,4.45,15.670000000000002,1
18,Male,OnePlus,Metro,2.07,1.32,3.57,3.98,10.94,1
33,Male,Apple,Rural,1.63,0.97,4.58,2.01,9.19,1
34,Male,OnePlus,Metro,2.95,1.11,2.95,2.39,9.4,1
47,Other,Oppo,Urban,2.87,0.45,7.08,3.36,13.76,1
34,Male,Apple,Semi-Urban,3.93,1.72,3.77,1.85,11.27,1
26,Female,Xiaomi,Rural,0.99,0.12,3.09,1.34,5.539999999999999,0
15,Female,Oppo,Urban,3.38,1.99,2.25,2.87,10.49,1
40,Male,Xiaomi,Rural,3.21,1.76,5.15,2.08,12.200000000000001,1
28,Male,Vivo,Metro,2.33,1.95,4.8,2.18,11.26,1
52,Male,OnePlus,Semi-Urban,2.91,1.28,2.75,1.17,8.11,1
51,Female,Apple,Metro,3.74,4.88,4.36,0.28,13.26,1
25,Female,Xiaomi,Semi-Urban,3.55,3.16,1.24,2.24,10.190000000000001,1
50,Female,Samsung,Rural,1.13,0.56,3.78,2.9,8.37,1
27,Female,Xiaomi,Rural,3.48,2.03,4.18,1.77,11.459999999999999,1
57,Male,Samsung,Metro,2.42,1.19,6.06,3.44,13.11,1
17,Other,Oppo,Semi-Urban,2.59,0.79,2.34,1.3,7.02,1
47,Female,Apple,Semi-Urban,2.59,0.46,1.58,0.95,5.58,0
20,Male,Xiaomi,Rural,2.32,2.23,2.16,1.93,8.64,1
24,Other,Xiaomi,Metro,3.93,1.12,1.5,1.92,8.47,1
19,Female,Apple,Semi-Urban,2.4,2.77,5.5,2.77,13.44,1
37,Female,Xiaomi,Rural,1.16,2.79,5.82,1.23,11,1
24,Female,Samsung,Urban,2.03,3.17,3.98,3.37,12.55,1
58,Female,Xiaomi,Metro,2.71,0.95,5.33,3.97,12.96,1
16,Female,OnePlus,Urban,3.98,2.28,3.7,1.96,11.920000000000002,1
27,Male,Oppo,Metro,3.22,2.43,3.36,3.25,12.26,1
54,Male,Vivo,Rural,1.48,1.33,3,0.94,6.75,0
16,Female,Samsung,Semi-Urban,5.48,1.03,3.03,3.08,12.620000000000001,1
34,Male,OnePlus,Semi-Urban,2.82,3.41,1.18,3.05,10.46,1
15,Male,Oppo,Semi-Urban,4.03,2.03,3.9,2.86,12.82,1
51,Male,Apple,Metro,2.32,2.44,3.44,1.98,10.18,1
23,Male,Samsung,Rural,3.14,0.98,4.62,0,8.74,1
31,Female,Vivo,Urban,3.51,0.58,3.64,1.36,9.09,1
23,Female,Oppo,Rural,3.96,1.23,3.26,1.37,9.82,1
25,Male,Vivo,Urban,3.77,1.68,2.19,1.02,8.66,1
29,Male,Apple,Metro,3.55,0.74,3.61,2.12,10.02,1
38,Male,Apple,Metro,2.12,1.79,4.61,1.58,10.1,1
52,Female,Samsung,Urban,1.81,0.11,1.78,1.18,4.88,0
49,Female,Xiaomi,Urban,2.9,0.68,3.63,0.94,8.15,1
44,Male,Apple,Urban,3.62,2.47,3.85,1.28,11.219999999999999,1
45,Female,Oppo,Rural,2.23,2.4,2.42,3.12,10.17,1
19,Female,Xiaomi,Urban,3.78,1.41,2.62,1.34,9.15,1
58,Female,OnePlus,Metro,4.24,0.78,3.85,1.49,10.360000000000001,1
28,Female,Vivo,Metro,1.4,0.77,1.8,1.54,5.51,0
25,Male,Xiaomi,Semi-Urban,1.5,1.43,4.02,2.34,9.29,1
23,Female,Vivo,Urban,2.33,2.44,2.16,2.46,9.39,1
48,Male,Xiaomi,Rural,2.87,2.73,5.09,0,10.69,1
26,Female,OnePlus,Rural,1.87,1.3,7.01,3.02,13.2,1
49,Female,Apple,Rural,4.12,0.65,2.21,3.44,10.42,1
49,Female,OnePlus,Semi-Urban,3.01,2.07,4.3,0.95,10.329999999999998,1
15,Female,Apple,Metro,2.55,0.98,2.41,1.03,6.97,0
54,Male,Apple,Rural,0.78,1.28,5.06,1.55,8.67,1
36,Female,Vivo,Metro,0.92,3.13,1.6,1.24,6.890000000000001,0
43,Other,Oppo,Semi-Urban,2.84,2.63,4.22,2.22,11.91,1
22,Female,OnePlus,Urban,0,1.96,2.19,0.05,4.2,0
25,Male,Xiaomi,Urban,3.72,0.53,3.19,0.88,8.32,1
55,Male,OnePlus,Urban,2.31,2.01,1.95,3.54,9.81,1
51,Male,Vivo,Rural,6.39,2.86,4.73,1.07,15.05,1
28,Female,Apple,Urban,5.27,1.42,2.24,3.24,12.17,1
44,Female,Vivo,Rural,2.28,3.15,4.33,2.36,12.12,1
49,Male,Samsung,Semi-Urban,2.37,3.09,2.98,0.19,8.629999999999999,1
35,Female,Samsung,Semi-Urban,3.69,3.46,3.33,2.64,13.120000000000001,1
51,Female,Xiaomi,Rural,4.54,2.11,3.72,1.88,12.25,1
19,Female,Vivo,Metro,0.53,2.39,2.36,1.54,6.819999999999999,0
33,Female,Xiaomi,Urban,0.36,3.21,3.82,2.24,9.629999999999999,1
28,Female,Xiaomi,Urban,1.75,2.25,5.8,2.47,12.270000000000001,1
40,Female,Samsung,Urban,3.2,1.3,2.33,2.71,9.54,1
18,Male,Xiaomi,Rural,3.1,1.35,5.26,3.18,12.89,1
39,Female,Samsung,Semi-Urban,3.78,2.04,5.75,2.41,13.98,1
59,Female,Apple,Urban,1.06,0.51,2.28,0.62,4.47,0
56,Female,Vivo,Semi-Urban,0,1.66,1.32,1.53,4.51,0
39,Female,Xiaomi,Urban,3.53,2.9,3.95,4.94,15.32,1
32,Female,Samsung,Urban,1.51,0,2.68,2.72,6.91,0
54,Male,OnePlus,Rural,0.08,3.33,6.3,4.37,14.080000000000002,1
22,Male,Xiaomi,Metro,2.67,2.92,3.55,3.4,12.540000000000001,1
53,Male,Oppo,Rural,3.45,1.34,2.3,2.24,9.33,1
54,Male,Apple,Urban,2.35,2.34,1.78,2.3,8.77,1
28,Female,Apple,Urban,1.95,1.8,5.13,1.96,10.84,1
46,Other,OnePlus,Metro,2.31,3.03,2.64,0.26,8.24,1
52,Male,Samsung,Semi-Urban,2.06,2.78,3.57,2.02,10.43,1
47,Male,Xiaomi,Semi-Urban,0.88,0.4,4.93,3.21,9.42,1
37,Female,Samsung,Urban,1.64,2.39,2.77,1.4,8.200000000000001,1
29,Male,Apple,Semi-Urban,3.13,1.59,3.43,2.41,10.56,1
47,Female,Samsung,Urban,2.89,1.88,3.48,2.85,11.1,1
39,Female,Apple,Metro,2.7,1.07,4.52,1.09,9.379999999999999,1
31,Female,Samsung,Metro,1.31,3.55,4.39,1.55,10.8,1
47,Male,OnePlus,Urban,2.28,2.84,3.17,0.98,9.27,1
16,Male,Vivo,Metro,0,1.06,3.6,1.18,5.84,0
28,Female,OnePlus,Rural,2.71,0.47,2.94,0.71,6.829999999999999,0
54,Female,OnePlus,Rural,4.21,1.41,1.28,1.1,8,1
54,Male,Vivo,Metro,0.73,2.23,3.89,3.42,10.27,1
53,Female,Vivo,Urban,1.8,2.04,6.34,1.08,11.26,1
20,Male,Xiaomi,Urban,2.89,3.05,2.17,2.13,10.239999999999998,1
20,Female,Xiaomi,Metro,4,2.59,2.34,1.5,10.43,1
17,Male,OnePlus,Semi-Urban,1.96,2.77,2.19,3.18,10.1,1
21,Female,OnePlus,Rural,1.67,2.13,4.59,3.31,11.700000000000001,1
22,Male,Apple,Semi-Urban,0.14,0.41,4.17,2.86,7.58,1
56,Male,Apple,Urban,2.62,1.6,3.26,2.31,9.790000000000001,1
29,Male,Xiaomi,Urban,4.95,2.86,2.12,1.77,11.7,1
43,Male,Oppo,Semi-Urban,2.83,1.75,3.64,0.81,9.030000000000001,1
47,Female,Oppo,Metro,2.47,2.3,1.15,3.94,9.86,1
44,Other,Xiaomi,Semi-Urban,2.89,1.48,3.72,1.24,9.33,1
53,Male,Apple,Semi-Urban,2.49,0.77,4.81,2.66,10.73,1
41,Male,Apple,Rural,1.52,1.68,1.62,3.06,7.880000000000001,1
50,Female,Oppo,Rural,3.49,2.11,1.2,1.44,8.24,1
43,Female,Samsung,Semi-Urban,2.77,1.14,5.87,3.04,12.82,1
52,Female,Samsung,Semi-Urban,2.52,1.56,2.58,2.76,9.42,1
47,Male,Apple,Urban,1.33,0.86,5.2,3.73,11.120000000000001,1
51,Male,Samsung,Rural,4.06,2.92,3.27,1.53,11.78,1
41,Female,Vivo,Rural,3.3,1.51,3.26,0.71,8.780000000000001,1
47,Male,Xiaomi,Urban,1.84,3.25,4.16,1.49,10.74,1
18,Female,Xiaomi,Metro,3.7,3.33,2.17,2.21,11.41,1
36,Male,Apple,Rural,1.9,1.72,3.7,2.06,9.38,1
16,Female,OnePlus,Rural,1.56,0.79,2.93,1.61,6.890000000000001,0
24,Male,Oppo,Metro,1.59,0,1.52,0.09,3.2,0
19,Female,Apple,Rural,0.37,0.33,4.01,2.47,7.18,1
24,Female,Samsung,Rural,3.07,0.43,3.11,3.97,10.58,1
47,Female,Oppo,Metro,0.3,3.18,3.26,2.46,9.2,1
52,Male,OnePlus,Metro,13,1.92,1.68,2.61,7.24,1
27,Female,Samsung,Semi-Urban,0.01,2.19,5.89,2.57,10.66,1
45,Female,Vivo,Urban,2.4,0,4.82,2.4,9.620000000000001,1
50,Female,Samsung,Urban,2.32,0.6,4.95,2.93,10.8,1
59,Female,Vivo,Metro,2.11,2.69,3.04,2.4,10.24,1
38,Female,Oppo,Metro,1.25,2.09,0.91,1.69,5.9399999999999995,0
29,Female,Vivo,Rural,1.09,1.65,6.43,1.2,10.37,1
43,Male,Oppo,Semi-Urban,3.06,2.36,3.41,1.75,10.58,1
22,Female,Oppo,Semi-Urban,1.84,3.44,2.38,2.31,9.97,1
19,Female,Oppo,Metro,2.88,1.58,4.13,1.68,10.27,1
43,Male,Oppo,Rural,1.44,1.87,5.25,2.31,10.870000000000001,1
18,Male,Oppo,Rural,2.72,1.99,3.47,2.44,10.62,1
26,Male,Samsung,Urban,4.06,4.19,5.42,2.83,16.5,1
59,Female,Oppo,Urban,3.2,0,5.12,3.28,11.6,1
16,Female,Samsung,Rural,2.01,2.48,1.89,2.08,8.46,1
41,Female,Oppo,Urban,2.81,1.69,2.49,0.69,7.68,1
45,Female,Vivo,Metro,2.21,2.37,4.94,1.65,11.17,1
50,Male,Oppo,Rural,2.51,1.14,0,2.04,5.6899999999999995,0
50,Male,OnePlus,Urban,2.11,1.75,3.28,0.16,7.3,1
40,Male,Oppo,Semi-Urban,2.3,2.51,1.35,3.39,9.55,1
57,Male,Oppo,Rural,2.75,4.91,2.79,2.14,12.59,1
41,Male,Vivo,Rural,1.31,2.61,3.05,2.38,9.35,1
19,Male,Xiaomi,Semi-Urban,1.28,0.95,2.96,3.37,8.559999999999999,1
34,Female,Vivo,Metro,0.83,1.38,2.67,1.37,6.25,0
25,Female,OnePlus,Semi-Urban,0.58,1.35,1.85,2.57,6.35,0
24,Other,Xiaomi,Rural,1.04,0,6.94,1.89,9.870000000000001,1
54,Female,Apple,Metro,2.69,1.47,6.3,1.82,12.280000000000001,1
52,Female,Apple,Urban,1.43,2.53,1.76,1.23,6.949999999999999,0
20,Male,OnePlus,Urban,3.12,0.53,5.87,3.67,13.19,1
22,Female,Vivo,Urban,2.54,2.85,2.9,1.62,9.91,1
37,Female,Samsung,Rural,0.14,2.29,3.69,2.7,8.82,1
40,Male,OnePlus,Semi-Urban,3.29,1.07,3.41,0.12,7.890000000000001,1
57,Male,Xiaomi,Metro,3.47,1.66,2.51,3.18,10.82,1
26,Female,Xiaomi,Urban,1.31,3.4,4.98,3.05,12.740000000000002,1
40,Male,Oppo,Metro,3,2.53,3.69,2.1,11.319999999999999,1
27,Female,Apple,Rural,1.47,1.81,2.79,1.77,7.84,1
54,Female,Xiaomi,Urban,2.62,1.56,1.54,2.4,8.12,1
32,Male,OnePlus,Rural,0.98,1.88,2.16,4.29,9.309999999999999,1
39,Male,Xiaomi,Semi-Urban,0.35,1.29,1.04,0.24,2.92,0
47,Male,OnePlus,Rural,2.04,0,3.52,2.78,8.34,1
54,Male,Samsung,Rural,2.35,3.84,1.71,1.09,8.99,1
57,Male,Oppo,Semi-Urban,2.02,1.96,3.1,1.98,9.06,1
26,Female,Apple,Metro,1.08,2.2,5.56,1.75,10.59,1
58,Male,Xiaomi,Semi-Urban,2.02,1.74,5.3,1.57,10.629999999999999,1
50,Female,OnePlus,Semi-Urban,31,1.06,3.45,1.99,9.32,1
18,Male,Vivo,Rural,2.45,1.61,3.37,0.87,8.3,1
19,Female,Apple,Metro,2.72,0.2,6.32,3.03,12.27,1
51,Male,Samsung,Urban,1.7,4.08,4.28,0.21,10.270000000000001,1
22,Male,OnePlus,Semi-Urban,3.91,0.57,3.01,2.54,10.030000000000001,1
56,Female,Oppo,Metro,1.09,0.77,1.36,1.67,4.890000000000001,0
42,Female,Oppo,Semi-Urban,3.09,1.36,4.09,0.83,9.37,1
45,Male,Samsung,Semi-Urban,3.92,3.09,4.74,2.2,13.95,1
23,Female,Samsung,Semi-Urban,3.08,1.81,2.55,0.44,7.880000000000001,1
43,Male,Oppo,Semi-Urban,2.26,0.56,3.94,2.04,8.8,1
28,Female,Xiaomi,Rural,1.87,3.05,2.95,0.58,8.45,1
54,Male,Xiaomi,Metro,3.74,2.53,3.22,2.46,11.95,1
55,Male,OnePlus,Metro,0.79,2.34,0,1.08,4.21,0
36,Female,Vivo,Metro,1.34,2.52,3.17,1.55,8.58,1
25,Female,OnePlus,Semi-Urban,2.02,4.19,4.95,2.29,13.45,1
37,Male,Vivo,Rural,3.99,3.99,2.55,1.23,11.760000000000002,1
15,Female,Samsung,Semi-Urban,2.96,1.11,3.58,1.94,9.59,1
51,Female,Apple,Semi-Urban,1.34,3.42,2.37,0.49,7.62,1
35,Male,OnePlus,Metro,2.13,2.18,4.04,2.63,10.98,1
40,Female,OnePlus,Semi-Urban,1.76,2.3,3.18,3.76,11,1
50,Male,Vivo,Urban,1.65,0.11,2.09,4.79,8.64,1
37,Female,Samsung,Semi-Urban,3.67,1.63,5.5,2.09,12.89,1
15,Female,Samsung,Urban,0.85,0.99,4.89,2.79,9.52,1
54,Female,Vivo,Semi-Urban,4.43,2.63,2.59,0.22,9.87,1
29,Male,Samsung,Rural,3.49,2.87,4.25,3.5,14.11,1
35,Male,Oppo,Rural,3.81,0,4.31,2.78,10.899999999999999,1
23,Male,Xiaomi,Metro,1.94,1.78,4.46,1.52,9.7,1
23,Male,Oppo,Semi-Urban,2.32,2.92,0.96,3.24,9.440000000000001,1
24,Male,Apple,Urban,0.78,1.61,5.01,1.75,9.15,1
40,Female,OnePlus,Urban,1.87,2.53,2.65,1.54,8.59,1
55,Male,Apple,Semi-Urban,3.09,2.15,2.96,2.48,10.68,1
49,Male,OnePlus,Urban,4.06,2.14,7.46,0.94,14.6,1
39,Female,Xiaomi,Rural,1.17,1.53,3.95,3.02,9.67,1
40,Male,Samsung,Urban,2.06,0.58,2.92,0.94,6.5,0
25,Female,Oppo,Metro,2.32,0.68,0.19,0.95,4.14,0
52,Male,Vivo,Rural,0.83,2.51,5.58,1.09,10.01,1
16,Female,Oppo,Rural,3.21,1.82,1.48,2.76,9.27,1
21,Male,Xiaomi,Rural,1.63,1.66,1.99,1.38,6.66,0
32,Male,Apple,Semi-Urban,2.27,1.38,3,0.65,7.300000000000001,1
41,Female,Vivo,Semi-Urban,1.96,1.49,5.62,1.39,10.46,1
48,Male,Samsung,Rural,1.55,2.85,4.66,1.97,11.030000000000001,1
41,Female,Xiaomi,Semi-Urban,2.49,1.46,3.26,0.82,8.03,1
31,Male,Vivo,Urban,2.24,0.46,3.96,0.85,7.51,1
57,Male,Xiaomi,Semi-Urban,2.05,2.54,2.6,4.11,11.3,1
58,Female,Xiaomi,Semi-Urban,1.63,1.6,3.71,1.14,8.08,1
38,Male,Samsung,Rural,2.88,1.83,3.61,1.68,10,1
39,Female,OnePlus,Metro,4.48,3.41,4.95,1.63,14.469999999999999,1
21,Other,Vivo,Metro,2.67,1.78,4.95,1.58,10.98,1
20,Female,Samsung,Metro,3.7,2.09,4.24,2.62,12.650000000000002,1
38,Female,Xiaomi,Urban,0.83,0.62,2.96,2.95,7.36,1
47,Male,Samsung,Semi-Urban,2.69,1.58,4.61,1.69,10.569999999999999,1
43,Male,OnePlus,Metro,1.18,2.41,3.36,0.76,7.709999999999999,1
57,Male,Oppo,Rural,0.73,0.24,1.88,3.27,6.119999999999999,0
36,Female,Vivo,Metro,1.61,2,2.9,1.9,8.41,1
40,Other,OnePlus,Metro,3.93,1.9,3.63,3.73,13.190000000000001,1
42,Male,Apple,Semi-Urban,3.64,1.84,4.87,0,10.350000000000001,1
35,Female,Vivo,Semi-Urban,2.79,2.84,3.22,2.2,11.05,1
21,Male,OnePlus,Semi-Urban,0.66,2.13,1.69,3.92,8.4,1
31,Female,Xiaomi,Urban,2.26,3.28,3.59,1.65,10.78,1
34,Male,Vivo,Urban,2.86,0.81,3.67,1.77,9.11,1
55,Other,Vivo,Metro,2.71,1.94,3.78,2.3,10.73,1
34,Female,Samsung,Semi-Urban,0.29,1.88,4.88,1.44,8.49,1
36,Male,Xiaomi,Metro,1.43,0.73,5.03,1.69,8.88,1
42,Male,Apple,Rural,2.42,2.76,2.61,1.66,9.45,1
54,Male,Oppo,Rural,3.14,4.12,2.58,1.37,11.21,1
21,Male,OnePlus,Semi-Urban,0,1.78,1.94,3.23,6.949999999999999,0
15,Male,Samsung,Semi-Urban,2.31,2.31,4.55,2.46,11.629999999999999,1
46,Female,OnePlus,Rural,2.67,1.88,5.67,2.25,12.469999999999999,1
27,Female,Apple,Semi-Urban,3.52,1.09,3.03,2.81,10.450000000000001,1
44,Female,Apple,Urban,3.33,0,3.14,1.74,8.21,1
37,Male,Vivo,Urban,3.2,1.09,5.7,1.23,11.22,1
33,Female,Apple,Semi-Urban,1.54,0.41,4.26,1.4,7.609999999999999,1
46,Female,OnePlus,Rural,0.21,3.5,4.15,2,9.86,1
44,Male,Xiaomi,Metro,2.03,1.68,1.71,0.94,6.359999999999999,0
43,Female,Xiaomi,Semi-Urban,3.7,1.45,4.52,1.5,11.17,1
59,Female,Vivo,Semi-Urban,4.17,2.69,2.11,1.48,10.45,1
43,Male,Oppo,Metro,3.35,0.68,1.8,4.12,9.95,1
44,Male,OnePlus,Semi-Urban,3.02,1.03,2.98,0,7.029999999999999,1
30,Female,OnePlus,Metro,2.96,1.87,2.62,1.82,9.27,1
54,Male,Apple,Rural,1.83,2.83,3.17,3.73,11.56,1
33,Female,OnePlus,Urban,2.34,2.3,1.34,2.12,8.1,1
32,Female,Samsung,Rural,4.5,2.05,4.94,2.75,14.24,1
15,Female,Oppo,Urban,1.37,1.88,5.19,2.1,10.540000000000001,1
28,Male,Apple,Metro,4.44,2.2,0.58,1.33,8.55,1
16,Male,Samsung,Urban,2.11,2,4.97,0,9.079999999999998,1
42,Female,Vivo,Rural,4.09,0.77,2.28,2.21,9.349999999999998,1
44,Female,Xiaomi,Urban,0.81,1.85,4.79,1.22,8.67,1
52,Male,Vivo,Metro,3.2,0.73,3.4,1.2,8.53,1
18,Female,Xiaomi,Urban,1.62,1.88,3.54,1.5,8.54,1
15,Female,Vivo,Semi-Urban,0.8,1.32,3.22,3.74,9.08,1
22,Male,OnePlus,Rural,2.76,4.34,5.32,4.4,16.82,1
43,Male,Samsung,Semi-Urban,3.71,1.76,1.64,2.22,9.33,1
53,Female,Xiaomi,Metro,1.49,0.4,4.41,1.54,7.840000000000001,1
17,Male,Apple,Urban,0.7,1.67,5.15,0.82,8.34,1
46,Male,Samsung,Semi-Urban,2.39,2.32,4.57,2.47,11.750000000000002,1
24,Male,Apple,Semi-Urban,2.4,3.47,6.99,3.78,16.64,1
24,Male,Samsung,Urban,3.16,1.21,2.71,1.75,8.83,1
33,Female,Samsung,Urban,3.64,0.22,4.94,0,8.8,1
48,Female,Vivo,Rural,2.43,2.62,3.34,2.67,11.06,1
47,Male,Xiaomi,Semi-Urban,4.73,0.42,5.35,2.99,13.49,1
37,Female,Xiaomi,Semi-Urban,2.77,1.36,3.49,0.41,8.03,1
42,Female,Samsung,Metro,2.08,1.54,2.92,2.18,8.72,1
46,Female,OnePlus,Rural,0.57,1.73,5.46,2.45,10.21,1
'TWENTY',Female,OnePlus,Semi-Urban,0.58,1.35,1.85,2.57,6.35,0
NA',Other,Xiaomi,Rural,1.04,0,6.94,1.89,9.870000000000001,1
54,Female,Apple,Metro,2.69,1.47,6.3,1.82,12.280000000000001,1
52,Female,Apple,Urban,1.43,2.53,1.76,1.23,6.949999999999999,0
20,Male,OnePlus,Urban,3.12,0.53,5.87,3.67,13.19,1
22,Female,Vivo,Urban,2.54,2.85,2.9,1.62,9.91,1
37,Female,Samsung,Rural,0.14,2.29,3.69,2.7,8.82,1
40,Male,OnePlus,Semi-Urban,3.29,1.07,3.41,0.12,7.890000000000001,1
57,Male,Xiaomi,Metro,3.47,1.66,2.51,3.18,10.82,1
26,Female,Xiaomi,Urban,1.31,3.4,4.98,3.05,12.740000000000002,1
40,Male,Oppo,Metro,3,2.53,3.69,2.1,11.319999999999999,1
27,Female,Apple,Rural,1.47,1.81,2.79,1.77,7.84,1
54,Female,Xiaomi,Urban,2.62,1.56,1.54,2.4,8.12,1
32,Male,OnePlus,Rural,0.98,1.88,2.16,4.29,9.309999999999999,1
39,Male,Xiaomi,Semi-Urban,0.35,1.29,1.04,0.24,2.92,0
47,Male,OnePlus,Rural,2.04,0,3.52,2.78,8.34,1
54,Male,Samsung,Rural,2.35,3.84,1.71,1.09,8.99,1
